coo: 55.68174362546_12.603550496497;E 00:00:00;A 00:00:00;E 01:00:00;A 01:00:00;E 02:00:00;A 02:00:00;E 03:00:00;A 03:00:00;E 04:00:00;A 04:00:00;E 05:00:00;A 05:00:00;E 06:00:00;A 06:00:00;E 07:00:00;A 07:00:00;E 08:00:00;A 08:00:00;E 09:00:00;A 09:00:00;E 10:00:00;A 10:00:00;E 11:00:00;A 11:00:00;E 12:00:00;A 12:00:00;E 13:00:00;A 13:00:00;E 14:00:00;A 14:00:00;E 15:00:00;A 15:00:00;E 16:00:00;A 16:00:00;E 17:00:00;A 17:00:00;E 18:00:00;A 18:00:00;E 19:00:00;A 19:00:00;E 20:00:00;A 20:00:00;E 21:00:00;A 21:00:00;E 22:00:00;A 22:00:00;E 23:00:00;A 23:00:00
01-01-2022;--;--;--;--;--;--;--;--;1.31;136.59;6.39;149.45;9.81;162.96;11.29;176.91;10.71;190.96;8.13;204.70;3.74;217.86;--;--;--;--;--;--;--;--;--;--;--;--;--;--;--;--;--;--;--;--;--;--;--;--;--;--
02-01-2022;--;--;--;--;--;--;--;--;1.34;136.45;6.44;149.32;9.87;162.83;11.37;176.80;10.81;190.86;8.24;204.62;3.87;217.79;--;--;--;--;--;--;--;--;--;--;--;--;--;--;--;--;--;--;--;--;--;--;--;--;--;--
03-01-2022;--;--;--;--;--;--;--;--;1.38;136.32;6.50;149.19;9.95;162.71;11.46;176.69;10.92;190.76;8.36;204.54;3.99;217.73;--;--;--;--;--;--;--;--;--;--;--;--;--;--;--;--;--;--;--;--;--;--;--;--;--;--
04-01-2022;--;--;--;--;--;--;--;--;1.43;136.18;6.56;149.05;10.03;162.58;11.56;176.58;11.03;190.67;8.49;204.46;4.13;217.67;--;--;--;--;--;--;--;--;--;--;--;--;--;--;--;--;--;--;--;--;--;--;--;--;--;--
05-01-2022;--;--;--;--;--;--;--;--;1.49;136.04;6.64;148.92;10.12;162.46;11.67;176.47;11.15;190.58;8.62;204.39;4.27;217.62;--;--;--;--;--;--;--;--;--;--;--;--;--;--;--;--;--;--;--;--;--;--;--;--;--;--
06-01-2022;--;--;--;--;--;--;--;--;1.55;135.90;6.71;148.79;10.22;162.34;11.78;176.36;11.28;190.49;8.76;204.32;4.42;217.57;--;--;--;--;--;--;--;--;--;--;--;--;--;--;--;--;--;--;--;--;--;--;--;--;--;--
07-01-2022;--;--;--;--;--;--;--;--;1.62;135.75;6.80;148.65;10.32;162.21;11.90;176.25;11.42;190.40;8.91;204.26;4.58;217.52;--;--;--;--;--;--;--;--;--;--;--;--;--;--;--;--;--;--;--;--;--;--;--;--;--;--
08-01-2022;--;--;--;--;--;--;--;--;1.70;135.61;6.90;148.51;10.43;162.09;12.03;176.15;11.56;190.32;9.06;204.19;4.74;217.48;--;--;--;--;--;--;--;--;--;--;--;--;--;--;--;--;--;--;--;--;--;--;--;--;--;--
09-01-2022;--;--;--;--;--;--;--;--;1.78;135.46;7.00;148.38;10.55;161.97;12.17;176.04;11.71;190.23;9.22;204.13;4.90;217.44;--;--;--;--;--;--;--;--;--;--;--;--;--;--;--;--;--;--;--;--;--;--;--;--;--;--
10-01-2022;--;--;--;--;--;--;--;--;1.87;135.31;7.11;148.24;10.68;161.84;12.31;175.94;11.87;190.15;9.39;204.08;5.07;217.41;-0.76;230.05;--;--;--;--;--;--;--;--;--;--;--;--;--;--;--;--;--;--;--;--;--;--;--;--
11-01-2022;--;--;--;--;--;--;--;--;1.97;135.16;7.22;148.10;10.81;161.72;12.46;175.84;12.03;190.08;9.56;204.03;5.25;217.38;-0.58;230.04;--;--;--;--;--;--;--;--;--;--;--;--;--;--;--;--;--;--;--;--;--;--;--;--
12-01-2022;--;--;--;--;--;--;--;--;2.08;135.01;7.34;147.96;10.95;161.60;12.62;175.74;12.20;190.00;9.74;203.98;5.44;217.36;-0.39;230.04;--;--;--;--;--;--;--;--;--;--;--;--;--;--;--;--;--;--;--;--;--;--;--;--
13-01-2022;--;--;--;--;--;--;--;--;2.19;134.86;7.47;147.82;11.10;161.48;12.78;175.64;12.38;189.93;9.93;203.94;5.63;217.34;-0.20;230.04;--;--;--;--;--;--;--;--;--;--;--;--;--;--;--;--;--;--;--;--;--;--;--;--
14-01-2022;--;--;--;--;--;--;--;--;2.31;134.71;7.61;147.68;11.26;161.36;12.95;175.54;12.56;189.86;10.12;203.90;5.82;217.32;-0.01;230.05;--;--;--;--;--;--;--;--;--;--;--;--;--;--;--;--;--;--;--;--;--;--;--;--
15-01-2022;--;--;--;--;--;--;--;--;2.44;134.55;7.76;147.55;11.42;161.24;13.13;175.45;12.75;189.80;10.31;203.86;6.02;217.31;0.19;230.06;--;--;--;--;--;--;--;--;--;--;--;--;--;--;--;--;--;--;--;--;--;--;--;--
16-01-2022;--;--;--;--;--;--;--;--;2.57;134.40;7.91;147.41;11.59;161.12;13.32;175.36;12.95;189.74;10.52;203.83;6.23;217.31;0.40;230.07;--;--;--;--;--;--;--;--;--;--;--;--;--;--;--;--;--;--;--;--;--;--;--;--
17-01-2022;--;--;--;--;--;--;--;--;2.72;134.25;8.07;147.27;11.76;161.00;13.51;175.27;13.15;189.68;10.73;203.80;6.44;217.31;0.61;230.10;--;--;--;--;--;--;--;--;--;--;--;--;--;--;--;--;--;--;--;--;--;--;--;--
18-01-2022;--;--;--;--;--;--;--;--;2.86;134.09;8.23;147.13;11.95;160.89;13.71;175.18;13.36;189.62;10.94;203.77;6.65;217.31;0.82;230.12;--;--;--;--;--;--;--;--;--;--;--;--;--;--;--;--;--;--;--;--;--;--;--;--
19-01-2022;--;--;--;--;--;--;--;--;3.02;133.93;8.41;146.99;12.13;160.77;13.91;175.09;13.58;189.57;11.16;203.75;6.88;217.32;1.04;230.16;--;--;--;--;--;--;--;--;--;--;--;--;--;--;--;--;--;--;--;--;--;--;--;--
20-01-2022;--;--;--;--;--;--;--;--;3.18;133.78;8.59;146.85;12.33;160.66;14.12;175.01;13.80;189.52;11.39;203.74;7.10;217.34;1.27;230.19;--;--;--;--;--;--;--;--;--;--;--;--;--;--;--;--;--;--;--;--;--;--;--;--
21-01-2022;--;--;--;--;--;--;--;--;3.35;133.62;8.77;146.72;12.53;160.55;14.34;174.93;14.02;189.47;11.62;203.73;7.33;217.35;1.50;230.24;--;--;--;--;--;--;--;--;--;--;--;--;--;--;--;--;--;--;--;--;--;--;--;--
22-01-2022;--;--;--;--;--;--;--;--;3.53;133.47;8.96;146.58;12.74;160.44;14.56;174.85;14.26;189.43;11.85;203.72;7.57;217.38;1.73;230.29;--;--;--;--;--;--;--;--;--;--;--;--;--;--;--;--;--;--;--;--;--;--;--;--
23-01-2022;--;--;--;--;--;--;--;--;3.71;133.31;9.16;146.44;12.96;160.33;14.79;174.77;14.49;189.39;12.10;203.72;7.81;217.41;1.96;230.34;--;--;--;--;--;--;--;--;--;--;--;--;--;--;--;--;--;--;--;--;--;--;--;--
24-01-2022;--;--;--;--;--;--;--;--;3.90;133.15;9.37;146.31;13.18;160.22;15.03;174.70;14.74;189.36;12.34;203.72;8.05;217.44;2.20;230.40;--;--;--;--;--;--;--;--;--;--;--;--;--;--;--;--;--;--;--;--;--;--;--;--
25-01-2022;--;--;--;--;--;--;--;--;4.10;132.99;9.58;146.17;13.41;160.11;15.27;174.63;14.99;189.32;12.59;203.72;8.30;217.48;2.45;230.46;--;--;--;--;--;--;--;--;--;--;--;--;--;--;--;--;--;--;--;--;--;--;--;--
26-01-2022;--;--;--;--;--;--;--;--;4.30;132.84;9.80;146.04;13.65;160.01;15.52;174.56;15.24;189.29;12.85;203.73;8.55;217.52;2.69;230.53;--;--;--;--;--;--;--;--;--;--;--;--;--;--;--;--;--;--;--;--;--;--;--;--
27-01-2022;--;--;--;--;--;--;--;--;4.51;132.68;10.03;145.90;13.89;159.90;15.77;174.50;15.50;189.27;13.11;203.75;8.81;217.57;2.94;230.61;--;--;--;--;--;--;--;--;--;--;--;--;--;--;--;--;--;--;--;--;--;--;--;--
28-01-2022;--;--;--;--;--;--;--;--;4.72;132.52;10.26;145.77;14.13;159.80;16.03;174.43;15.77;189.25;13.38;203.77;9.07;217.62;3.20;230.69;--;--;--;--;--;--;--;--;--;--;--;--;--;--;--;--;--;--;--;--;--;--;--;--
29-01-2022;--;--;--;--;--;--;--;--;4.94;132.37;10.49;145.64;14.39;159.70;16.29;174.37;16.04;189.23;13.65;203.79;9.34;217.68;3.46;230.78;--;--;--;--;--;--;--;--;--;--;--;--;--;--;--;--;--;--;--;--;--;--;--;--
30-01-2022;--;--;--;--;--;--;--;--;5.17;132.21;10.74;145.51;14.64;159.60;16.56;174.31;16.31;189.22;13.92;203.82;9.61;217.75;3.72;230.87;--;--;--;--;--;--;--;--;--;--;--;--;--;--;--;--;--;--;--;--;--;--;--;--
31-01-2022;--;--;--;--;--;--;--;--;5.40;132.06;10.99;145.38;14.91;159.51;16.84;174.26;16.60;189.21;14.20;203.85;9.88;217.81;3.98;230.96;--;--;--;--;--;--;--;--;--;--;--;--;--;--;--;--;--;--;--;--;--;--;--;--
01-02-2022;--;--;--;--;--;--;--;--;5.64;131.90;11.24;145.25;15.18;159.41;17.12;174.21;16.88;189.20;14.48;203.89;10.16;217.89;4.25;231.06;--;--;--;--;--;--;--;--;--;--;--;--;--;--;--;--;--;--;--;--;--;--;--;--
02-02-2022;--;--;--;--;--;--;--;--;5.89;131.75;11.50;145.12;15.45;159.32;17.41;174.16;17.17;189.20;14.77;203.93;10.44;217.97;4.52;231.17;--;--;--;--;--;--;--;--;--;--;--;--;--;--;--;--;--;--;--;--;--;--;--;--
03-02-2022;--;--;--;--;--;--;-0.77;118.96;6.14;131.60;11.77;145.00;15.73;159.23;17.70;174.11;17.46;189.20;15.06;203.98;10.72;218.05;4.79;231.28;--;--;--;--;--;--;--;--;--;--;--;--;--;--;--;--;--;--;--;--;--;--;--;--
04-02-2022;--;--;--;--;--;--;-0.53;118.79;6.39;131.44;12.04;144.87;16.02;159.14;17.99;174.07;17.76;189.20;15.36;204.03;11.01;218.14;5.07;231.40;--;--;--;--;--;--;--;--;--;--;--;--;--;--;--;--;--;--;--;--;--;--;--;--
05-02-2022;--;--;--;--;--;--;-0.28;118.62;6.66;131.29;12.32;144.75;16.31;159.06;18.29;174.03;18.07;189.21;15.66;204.08;11.30;218.23;5.35;231.52;--;--;--;--;--;--;--;--;--;--;--;--;--;--;--;--;--;--;--;--;--;--;--;--
06-02-2022;--;--;--;--;--;--;-0.02;118.44;6.92;131.14;12.60;144.62;16.61;158.97;18.60;173.99;18.37;189.23;15.96;204.14;11.59;218.33;5.63;231.65;--;--;--;--;--;--;--;--;--;--;--;--;--;--;--;--;--;--;--;--;--;--;--;--
07-02-2022;--;--;--;--;--;--;0.23;118.27;7.20;130.99;12.89;144.50;16.91;158.89;18.91;173.95;18.69;189.24;16.27;204.20;11.88;218.43;5.91;231.78;--;--;--;--;--;--;--;--;--;--;--;--;--;--;--;--;--;--;--;--;--;--;--;--
08-02-2022;--;--;--;--;--;--;0.50;118.10;7.47;130.84;13.18;144.38;17.22;158.81;19.22;173.92;19.00;189.26;16.57;204.27;12.18;218.54;6.20;231.92;--;--;--;--;--;--;--;--;--;--;--;--;--;--;--;--;--;--;--;--;--;--;--;--
09-02-2022;--;--;--;--;--;--;0.77;117.93;7.76;130.69;13.48;144.26;17.53;158.73;19.54;173.89;19.32;189.29;16.89;204.35;12.48;218.65;6.49;232.06;-0.69;244.70;--;--;--;--;--;--;--;--;--;--;--;--;--;--;--;--;--;--;--;--;--;--
10-02-2022;--;--;--;--;--;--;1.04;117.76;8.04;130.54;13.78;144.14;17.84;158.65;19.86;173.87;19.64;189.31;17.20;204.42;12.79;218.77;6.78;232.21;-0.42;244.87;--;--;--;--;--;--;--;--;--;--;--;--;--;--;--;--;--;--;--;--;--;--
11-02-2022;--;--;--;--;--;--;1.32;117.59;8.34;130.39;14.09;144.03;18.16;158.58;20.19;173.84;19.97;189.34;17.52;204.50;13.09;218.89;7.07;232.36;-0.14;245.04;--;--;--;--;--;--;--;--;--;--;--;--;--;--;--;--;--;--;--;--;--;--
12-02-2022;--;--;--;--;--;--;1.61;117.42;8.63;130.24;14.40;143.91;18.49;158.51;20.52;173.82;20.30;189.38;17.84;204.59;13.40;219.02;7.36;232.51;0.15;245.22;--;--;--;--;--;--;--;--;--;--;--;--;--;--;--;--;--;--;--;--;--;--
13-02-2022;--;--;--;--;--;--;1.90;117.25;8.94;130.10;14.72;143.80;18.81;158.43;20.86;173.81;20.63;189.42;18.17;204.68;13.71;219.15;7.66;232.67;0.43;245.40;--;--;--;--;--;--;--;--;--;--;--;--;--;--;--;--;--;--;--;--;--;--
14-02-2022;--;--;--;--;--;--;2.19;117.08;9.24;129.95;15.04;143.68;19.15;158.37;21.20;173.79;20.97;189.46;18.50;204.78;14.03;219.28;7.96;232.84;0.71;245.59;--;--;--;--;--;--;--;--;--;--;--;--;--;--;--;--;--;--;--;--;--;--
15-02-2022;--;--;--;--;--;--;2.49;116.91;9.55;129.81;15.36;143.57;19.48;158.30;21.54;173.78;21.31;189.51;18.83;204.87;14.34;219.42;8.25;233.01;1.00;245.78;--;--;--;--;--;--;--;--;--;--;--;--;--;--;--;--;--;--;--;--;--;--
16-02-2022;--;--;--;--;--;--;2.79;116.75;9.87;129.66;15.69;143.46;19.83;158.24;21.89;173.77;21.65;189.56;19.16;204.98;14.66;219.57;8.56;233.18;1.29;245.97;--;--;--;--;--;--;--;--;--;--;--;--;--;--;--;--;--;--;--;--;--;--
17-02-2022;--;--;--;--;--;--;3.10;116.58;10.19;129.52;16.03;143.35;20.17;158.17;22.23;173.77;22.00;189.61;19.49;205.09;14.98;219.72;8.86;233.36;1.57;246.17;--;--;--;--;--;--;--;--;--;--;--;--;--;--;--;--;--;--;--;--;--;--
18-02-2022;--;--;--;--;--;--;3.41;116.41;10.51;129.38;16.36;143.25;20.52;158.11;22.59;173.76;22.35;189.67;19.83;205.20;15.30;219.87;9.16;233.55;1.86;246.37;--;--;--;--;--;--;--;--;--;--;--;--;--;--;--;--;--;--;--;--;--;--
19-02-2022;--;--;--;--;--;--;3.72;116.25;10.84;129.24;16.70;143.14;20.87;158.05;22.94;173.76;22.70;189.73;20.17;205.31;15.62;220.03;9.47;233.73;2.15;246.58;--;--;--;--;--;--;--;--;--;--;--;--;--;--;--;--;--;--;--;--;--;--
20-02-2022;--;--;--;--;--;--;4.04;116.09;11.17;129.10;17.05;143.04;21.22;158.00;23.30;173.77;23.05;189.80;20.51;205.43;15.94;220.19;9.77;233.93;2.45;246.79;--;--;--;--;--;--;--;--;--;--;--;--;--;--;--;--;--;--;--;--;--;--
21-02-2022;--;--;--;--;--;--;4.37;115.92;11.51;128.96;17.40;142.93;21.58;157.94;23.67;173.77;23.41;189.87;20.85;205.56;16.27;220.36;10.08;234.12;2.74;247.01;--;--;--;--;--;--;--;--;--;--;--;--;--;--;--;--;--;--;--;--;--;--
22-02-2022;--;--;--;--;--;--;4.69;115.76;11.85;128.82;17.75;142.83;21.94;157.89;24.03;173.78;23.77;189.94;21.20;205.69;16.60;220.53;10.39;234.32;3.03;247.23;--;--;--;--;--;--;--;--;--;--;--;--;--;--;--;--;--;--;--;--;--;--
23-02-2022;--;--;--;--;--;--;5.02;115.60;12.19;128.68;18.10;142.73;22.31;157.84;24.40;173.79;24.13;190.01;21.55;205.82;16.92;220.70;10.70;234.52;3.32;247.45;--;--;--;--;--;--;--;--;--;--;--;--;--;--;--;--;--;--;--;--;--;--
24-02-2022;--;--;--;--;--;--;5.36;115.44;12.53;128.55;18.46;142.63;22.68;157.79;24.77;173.81;24.50;190.09;21.89;205.96;17.25;220.88;11.01;234.73;3.62;247.68;--;--;--;--;--;--;--;--;--;--;--;--;--;--;--;--;--;--;--;--;--;--
25-02-2022;--;--;--;--;--;--;5.70;115.28;12.88;128.41;18.82;142.53;23.05;157.74;25.14;173.82;24.86;190.18;22.24;206.10;17.58;221.07;11.32;234.94;3.91;247.90;--;--;--;--;--;--;--;--;--;--;--;--;--;--;--;--;--;--;--;--;--;--
26-02-2022;--;--;--;--;--;--;6.04;115.12;13.23;128.28;19.19;142.43;23.42;157.70;25.52;173.84;25.23;190.26;22.59;206.24;17.91;221.25;11.63;235.16;4.21;248.14;--;--;--;--;--;--;--;--;--;--;--;--;--;--;--;--;--;--;--;--;--;--
27-02-2022;--;--;--;--;--;--;6.38;114.96;13.59;128.14;19.55;142.34;23.80;157.66;25.89;173.86;25.60;190.35;22.95;206.39;18.25;221.44;11.94;235.38;4.51;248.37;--;--;--;--;--;--;--;--;--;--;--;--;--;--;--;--;--;--;--;--;--;--
28-02-2022;--;--;--;--;--;--;6.72;114.80;13.95;128.01;19.92;142.24;24.18;157.62;26.27;173.89;25.97;190.45;23.30;206.54;18.58;221.64;12.25;235.60;4.80;248.61;--;--;--;--;--;--;--;--;--;--;--;--;--;--;--;--;--;--;--;--;--;--
01-03-2022;--;--;--;--;--;--;7.07;114.65;14.31;127.88;20.29;142.15;24.56;157.58;26.65;173.91;26.34;190.54;23.66;206.70;18.91;221.84;12.57;235.83;5.10;248.86;--;--;--;--;--;--;--;--;--;--;--;--;--;--;--;--;--;--;--;--;--;--
02-03-2022;--;--;--;--;-0.61;101.93;7.42;114.49;14.67;127.75;20.67;142.06;24.94;157.54;27.04;173.94;26.72;190.64;24.01;206.85;19.25;222.04;12.88;236.05;5.40;249.10;--;--;--;--;--;--;--;--;--;--;--;--;--;--;--;--;--;--;--;--;--;--
03-03-2022;--;--;--;--;-0.26;101.76;7.78;114.33;15.03;127.62;21.05;141.96;25.32;157.50;27.42;173.98;27.09;190.74;24.37;207.02;19.58;222.24;13.19;236.29;5.69;249.35;--;--;--;--;--;--;--;--;--;--;--;--;--;--;--;--;--;--;--;--;--;--
04-03-2022;--;--;--;--;0.09;101.59;8.13;114.18;15.40;127.49;21.42;141.87;25.71;157.47;27.81;174.01;27.47;190.85;24.73;207.18;19.92;222.45;13.51;236.52;5.99;249.60;--;--;--;--;--;--;--;--;--;--;--;--;--;--;--;--;--;--;--;--;--;--
05-03-2022;--;--;--;--;0.44;101.42;8.49;114.02;15.77;127.36;21.81;141.78;26.10;157.43;28.20;174.05;27.85;190.96;25.09;207.35;20.25;222.66;13.82;236.76;6.29;249.86;--;--;--;--;--;--;--;--;--;--;--;--;--;--;--;--;--;--;--;--;--;--
06-03-2022;--;--;--;--;0.79;101.25;8.85;113.87;16.14;127.23;22.19;141.69;26.49;157.40;28.59;174.09;28.23;191.07;25.44;207.53;20.59;222.88;14.13;237.00;6.59;250.11;--;--;--;--;--;--;--;--;--;--;--;--;--;--;--;--;--;--;--;--;--;--
07-03-2022;--;--;--;--;1.15;101.08;9.22;113.72;16.51;127.10;22.57;141.61;26.88;157.37;28.98;174.13;28.60;191.18;25.80;207.70;20.92;223.10;14.45;237.25;6.88;250.37;--;--;--;--;--;--;--;--;--;--;--;--;--;--;--;--;--;--;--;--;--;--
08-03-2022;--;--;--;--;1.50;100.92;9.58;113.56;16.89;126.97;22.96;141.52;27.28;157.34;29.37;174.17;28.99;191.30;26.16;207.88;21.26;223.32;14.76;237.49;7.18;250.63;--;--;--;--;--;--;--;--;--;--;--;--;--;--;--;--;--;--;--;--;--;--
09-03-2022;--;--;--;--;1.86;100.75;9.95;113.41;17.27;126.85;23.35;141.43;27.67;157.31;29.77;174.22;29.37;191.42;26.53;208.06;21.59;223.55;15.08;237.74;7.48;250.90;-0.74;263.43;--;--;--;--;--;--;--;--;--;--;--;--;--;--;--;--;--;--;--;--
10-03-2022;--;--;--;--;2.22;100.59;10.31;113.26;17.64;126.72;23.73;141.35;28.07;157.29;30.16;174.26;29.75;191.55;26.89;208.25;21.93;223.77;15.39;238.00;7.78;251.16;-0.45;263.70;--;--;--;--;--;--;--;--;--;--;--;--;--;--;--;--;--;--;--;--
11-03-2022;--;--;--;--;2.59;100.42;10.68;113.11;18.02;126.59;24.12;141.26;28.46;157.26;30.56;174.31;30.13;191.67;27.25;208.44;22.27;224.00;15.70;238.25;8.07;251.43;-0.16;263.98;--;--;--;--;--;--;--;--;--;--;--;--;--;--;--;--;--;--;--;--
12-03-2022;--;--;--;--;2.95;100.26;11.05;112.96;18.40;126.47;24.52;141.17;28.86;157.24;30.95;174.36;30.52;191.80;27.61;208.63;22.60;224.24;16.02;238.51;8.37;251.70;0.13;264.25;--;--;--;--;--;--;--;--;--;--;--;--;--;--;--;--;--;--;--;--
13-03-2022;--;--;--;--;3.31;100.09;11.42;112.81;18.78;126.34;24.91;141.09;29.26;157.21;31.35;174.42;30.90;191.93;27.97;208.82;22.94;224.47;16.33;238.77;8.67;251.97;0.41;264.53;--;--;--;--;--;--;--;--;--;--;--;--;--;--;--;--;--;--;--;--
14-03-2022;--;--;--;--;3.68;99.93;11.80;112.66;19.17;126.22;25.30;141.01;29.66;157.19;31.75;174.47;31.28;192.07;28.33;209.02;23.27;224.71;16.64;239.03;8.96;252.24;0.70;264.81;--;--;--;--;--;--;--;--;--;--;--;--;--;--;--;--;--;--;--;--
15-03-2022;--;--;--;--;4.05;99.77;12.17;112.51;19.55;126.09;25.69;140.92;30.06;157.17;32.15;174.53;31.67;192.20;28.69;209.22;23.61;224.95;16.95;239.29;9.26;252.52;0.99;265.09;--;--;--;--;--;--;--;--;--;--;--;--;--;--;--;--;--;--;--;--
16-03-2022;--;--;--;--;4.41;99.61;12.54;112.36;19.93;125.97;26.09;140.84;30.46;157.15;32.54;174.59;32.05;192.34;29.05;209.42;23.94;225.20;17.26;239.56;9.55;252.80;1.28;265.37;--;--;--;--;--;--;--;--;--;--;--;--;--;--;--;--;--;--;--;--
17-03-2022;--;--;--;--;4.78;99.45;12.92;112.21;20.32;125.84;26.48;140.76;30.86;157.13;32.94;174.65;32.43;192.48;29.41;209.63;24.27;225.44;17.57;239.83;9.85;253.07;1.56;265.65;--;--;--;--;--;--;--;--;--;--;--;--;--;--;--;--;--;--;--;--
18-03-2022;--;--;--;--;5.15;99.29;13.29;112.06;20.70;125.72;26.88;140.67;31.26;157.11;33.34;174.71;32.82;192.62;29.77;209.83;24.61;225.69;17.88;240.10;10.14;253.35;1.85;265.93;--;--;--;--;--;--;--;--;--;--;--;--;--;--;--;--;--;--;--;--
19-03-2022;--;--;--;--;5.52;99.13;13.67;111.91;21.09;125.59;27.27;140.59;31.67;157.09;33.74;174.77;33.20;192.77;30.13;210.04;24.94;225.94;18.19;240.37;10.43;253.63;2.13;266.22;--;--;--;--;--;--;--;--;--;--;--;--;--;--;--;--;--;--;--;--
20-03-2022;--;--;--;--;5.89;98.97;14.04;111.76;21.47;125.47;27.67;140.51;32.07;157.07;34.14;174.84;33.58;192.92;30.49;210.26;25.27;226.19;18.50;240.64;10.73;253.91;2.42;266.50;--;--;--;--;--;--;--;--;--;--;--;--;--;--;--;--;--;--;--;--
21-03-2022;--;--;--;--;6.26;98.81;14.42;111.62;21.86;125.34;28.07;140.43;32.47;157.06;34.54;174.90;33.97;193.06;30.84;210.47;25.60;226.44;18.81;240.91;11.02;254.19;2.70;266.78;--;--;--;--;--;--;--;--;--;--;--;--;--;--;--;--;--;--;--;--
22-03-2022;--;--;--;--;6.63;98.65;14.79;111.47;22.24;125.22;28.46;140.35;32.87;157.04;34.94;174.97;34.35;193.21;31.20;210.68;25.93;226.70;19.11;241.19;11.31;254.48;2.99;267.07;--;--;--;--;--;--;--;--;--;--;--;--;--;--;--;--;--;--;--;--
23-03-2022;--;--;--;--;7.00;98.49;15.17;111.32;22.63;125.09;28.86;140.26;33.27;157.02;35.33;175.04;34.73;193.37;31.56;210.90;26.26;226.96;19.42;241.46;11.60;254.76;3.27;267.35;--;--;--;--;--;--;--;--;--;--;--;--;--;--;--;--;--;--;--;--
24-03-2022;--;--;--;--;7.37;98.33;15.54;111.17;23.01;124.97;29.25;140.18;33.67;157.01;35.73;175.11;35.11;193.52;31.91;211.12;26.59;227.21;19.73;241.74;11.89;255.04;3.56;267.64;--;--;--;--;--;--;--;--;--;--;--;--;--;--;--;--;--;--;--;--
25-03-2022;--;--;-0.72;85.75;7.73;98.17;15.92;111.02;23.40;124.84;29.64;140.10;34.07;156.99;36.13;175.17;35.49;193.68;32.27;211.34;26.91;227.47;20.03;242.02;12.18;255.33;3.84;267.92;--;--;--;--;--;--;--;--;--;--;--;--;--;--;--;--;--;--;--;--
26-03-2022;--;--;-0.35;85.59;8.10;98.01;16.29;110.87;23.78;124.72;30.04;140.02;34.47;156.98;36.52;175.25;35.87;193.83;32.62;211.56;27.24;227.73;20.33;242.29;12.46;255.61;4.12;268.21;--;--;--;--;--;--;--;--;--;--;--;--;--;--;--;--;--;--;--;--
27-03-2022;--;--;8.47;97.85;16.67;110.72;24.16;124.59;30.43;139.93;34.87;156.96;36.92;175.32;36.25;193.99;32.97;211.79;27.56;228.00;20.63;242.57;12.75;255.89;4.40;268.49;-4.00;280.91;--;--;--;--;--;--;--;--;--;--;--;--;--;--;--;--;--;--;--;--
28-03-2022;--;--;8.84;97.70;17.04;110.58;24.54;124.46;30.82;139.85;35.27;156.94;37.31;175.39;36.62;194.15;33.32;212.01;27.89;228.26;20.93;242.85;13.04;256.18;4.68;268.77;-3.72;281.19;--;--;--;--;--;--;--;--;--;--;--;--;--;--;--;--;--;--;--;--
29-03-2022;--;--;9.20;97.54;17.41;110.43;24.92;124.34;31.21;139.76;35.67;156.93;37.70;175.46;37.00;194.31;33.67;212.24;28.21;228.52;21.23;243.13;13.32;256.46;4.96;269.06;-3.43;281.47;--;--;--;--;--;--;--;--;--;--;--;--;--;--;--;--;--;--;--;--
30-03-2022;--;--;9.57;97.38;17.78;110.28;25.30;124.21;31.60;139.68;36.06;156.91;38.10;175.53;37.37;194.47;34.02;212.47;28.53;228.79;21.53;243.41;13.60;256.75;5.24;269.34;-3.15;281.75;--;--;--;--;--;--;--;--;--;--;--;--;--;--;--;--;--;--;--;--
31-03-2022;--;--;9.93;97.22;18.15;110.13;25.68;124.08;31.99;139.59;36.46;156.90;38.49;175.61;37.75;194.64;34.36;212.70;28.85;229.05;21.83;243.69;13.89;257.03;5.52;269.62;-2.87;282.02;--;--;--;--;--;--;--;--;--;--;--;--;--;--;--;--;--;--;--;--
01-04-2022;--;--;10.29;97.06;18.51;109.98;26.05;123.95;32.38;139.51;36.85;156.88;38.88;175.68;38.12;194.80;34.71;212.92;29.16;229.32;22.12;243.97;14.17;257.31;5.79;269.90;-2.59;282.30;--;--;--;--;--;--;--;--;--;--;--;--;--;--;--;--;--;--;--;--
02-04-2022;--;--;10.65;96.91;18.88;109.83;26.43;123.82;32.76;139.42;37.24;156.86;39.26;175.76;38.49;194.96;35.05;213.15;29.48;229.58;22.41;244.25;14.45;257.60;6.07;270.18;-2.31;282.57;--;--;--;--;--;--;--;--;--;--;--;--;--;--;--;--;--;--;--;--
03-04-2022;--;--;11.01;96.75;19.24;109.68;26.80;123.70;33.15;139.33;37.63;156.84;39.65;175.83;38.86;195.13;35.39;213.39;29.79;229.85;22.71;244.53;14.73;257.88;6.34;270.46;-2.03;282.85;--;--;--;--;--;--;--;--;--;--;--;--;--;--;--;--;--;--;--;--
04-04-2022;--;--;11.37;96.59;19.60;109.52;27.17;123.56;33.53;139.25;38.02;156.83;40.03;175.90;39.22;195.29;35.73;213.62;30.11;230.12;23.00;244.81;15.00;258.16;6.62;270.74;-1.75;283.12;--;--;--;--;--;--;--;--;--;--;--;--;--;--;--;--;--;--;--;--
05-04-2022;--;--;11.72;96.43;19.96;109.37;27.54;123.43;33.91;139.16;38.41;156.81;40.42;175.98;39.59;195.46;36.07;213.85;30.42;230.38;23.29;245.09;15.28;258.44;6.89;271.01;-1.48;283.39;--;--;--;--;--;--;--;--;--;--;--;--;--;--;--;--;--;--;--;--
06-04-2022;--;--;12.07;96.27;20.32;109.22;27.91;123.30;34.28;139.07;38.79;156.79;40.80;176.05;39.95;195.62;36.41;214.08;30.73;230.65;23.57;245.37;15.56;258.72;7.16;271.29;-1.20;283.65;--;--;--;--;--;--;--;--;--;--;--;--;--;--;--;--;--;--;--;--
07-04-2022;--;--;12.42;96.12;20.68;109.07;28.27;123.17;34.66;138.98;39.18;156.77;41.18;176.12;40.31;195.79;36.74;214.31;31.03;230.91;23.86;245.65;15.83;259.00;7.43;271.56;-0.92;283.92;--;--;--;--;--;--;--;--;--;--;--;--;--;--;--;--;--;--;--;--
08-04-2022;--;--;12.77;95.96;21.03;108.92;28.64;123.03;35.03;138.88;39.56;156.74;41.55;176.20;40.67;195.96;37.08;214.54;31.34;231.18;24.15;245.92;16.10;259.27;7.70;271.83;-0.65;284.18;-8.54;296.84;--;--;--;--;--;--;--;--;--;--;--;--;--;--;--;--;--;--
09-04-2022;--;--;13.12;95.80;21.38;108.76;29.00;122.90;35.40;138.79;39.93;156.72;41.93;176.27;41.03;196.12;37.41;214.78;31.64;231.44;24.43;246.20;16.37;259.55;7.97;272.10;-0.38;284.44;-8.26;297.09;--;--;--;--;--;--;--;--;--;--;--;--;--;--;--;--;--;--
10-04-2022;--;--;13.46;95.64;21.73;108.61;29.35;122.76;35.77;138.69;40.31;156.70;42.30;176.34;41.38;196.29;37.73;215.01;31.94;231.71;24.71;246.47;16.64;259.82;8.23;272.37;-0.10;284.70;-7.97;297.34;--;--;--;--;--;--;--;--;--;--;--;--;--;--;--;--;--;--
11-04-2022;--;--;13.80;95.48;22.08;108.45;29.71;122.63;36.14;138.60;40.68;156.67;42.67;176.41;41.74;196.45;38.06;215.24;32.24;231.97;24.99;246.75;16.91;260.09;8.50;272.64;0.17;284.96;-7.69;297.58;--;--;--;--;--;--;--;--;--;--;--;--;--;--;--;--;--;--
12-04-2022;--;--;14.14;95.32;22.42;108.30;30.06;122.49;36.50;138.50;41.06;156.65;43.04;176.48;42.09;196.62;38.39;215.47;32.54;232.24;25.27;247.02;17.18;260.36;8.76;272.90;0.44;285.21;-7.41;297.82;--;--;--;--;--;--;--;--;--;--;--;--;--;--;--;--;--;--
13-04-2022;--;--;14.48;95.16;22.76;108.14;30.41;122.35;36.86;138.40;41.42;156.62;43.40;176.55;42.44;196.78;38.71;215.70;32.84;232.50;25.54;247.29;17.44;260.63;9.02;273.16;0.70;285.47;-7.12;298.06;--;--;--;--;--;--;--;--;--;--;--;--;--;--;--;--;--;--
14-04-2022;--;--;14.81;95.00;23.10;107.98;30.76;122.21;37.22;138.30;41.79;156.59;43.77;176.62;42.78;196.95;39.03;215.93;33.13;232.76;25.82;247.56;17.70;260.90;9.28;273.42;0.97;285.72;-6.84;298.30;--;--;--;--;--;--;--;--;--;--;--;--;--;--;--;--;--;--
15-04-2022;--;--;15.14;94.84;23.43;107.83;31.10;122.07;37.57;138.20;42.15;156.56;44.13;176.68;43.12;197.11;39.34;216.16;33.42;233.02;26.09;247.82;17.96;261.16;9.54;273.68;1.24;285.96;-6.57;298.53;--;--;--;--;--;--;--;--;--;--;--;--;--;--;--;--;--;--
16-04-2022;--;--;15.46;94.68;23.76;107.67;31.44;121.93;37.93;138.10;42.51;156.53;44.48;176.75;43.46;197.27;39.66;216.38;33.71;233.27;26.36;248.09;18.22;261.42;9.80;273.93;1.50;286.21;-6.29;298.76;--;--;--;--;--;--;--;--;--;--;--;--;--;--;--;--;--;--
17-04-2022;--;--;15.79;94.52;24.09;107.51;31.77;121.78;38.27;137.99;42.87;156.49;44.84;176.81;43.80;197.43;39.97;216.61;34.00;233.53;26.63;248.35;18.48;261.68;10.06;274.18;1.76;286.45;-6.01;298.99;--;--;--;--;--;--;--;--;--;--;--;--;--;--;--;--;--;--
18-04-2022;--;--;--;--;--;--;--;--;--;--;--;--;--;--;--;--;--;--;--;--;--;--;--;--;--;--;--;--;--;--;--;--;--;--;--;--;--;--;--;--;--;--;--;--;--;--;--;--
19-04-2022;--;--;--;--;--;--;--;--;--;--;--;--;--;--;--;--;--;--;--;--;--;--;--;--;--;--;--;--;--;--;--;--;--;--;--;--;--;--;--;--;--;--;--;--;--;--;--;--
20-04-2022;--;--;--;--;--;--;--;--;--;--;--;--;--;--;--;--;--;--;--;--;--;--;--;--;--;--;--;--;--;--;--;--;--;--;--;--;--;--;--;--;--;--;--;--;--;--;--;--
21-04-2022;--;--;--;--;--;--;--;--;--;--;--;--;--;--;--;--;--;--;--;--;--;--;--;--;--;--;--;--;--;--;--;--;--;--;--;--;--;--;--;--;--;--;--;--;--;--;--;--
22-04-2022;--;--;--;--;--;--;--;--;--;--;--;--;--;--;--;--;--;--;--;--;--;--;--;--;--;--;--;--;--;--;--;--;--;--;--;--;--;--;--;--;--;--;--;--;--;--;--;--
23-04-2022;--;--;--;--;--;--;--;--;--;--;--;--;--;--;--;--;--;--;--;--;--;--;--;--;--;--;--;--;--;--;--;--;--;--;--;--;--;--;--;--;--;--;--;--;--;--;--;--
24-04-2022;--;--;--;--;--;--;--;--;--;--;--;--;--;--;--;--;--;--;--;--;--;--;--;--;--;--;--;--;--;--;--;--;--;--;--;--;--;--;--;--;--;--;--;--;--;--;--;--
25-04-2022;--;--;--;--;--;--;--;--;--;--;--;--;--;--;--;--;--;--;--;--;--;--;--;--;--;--;--;--;--;--;--;--;--;--;--;--;--;--;--;--;--;--;--;--;--;--;--;--
26-04-2022;--;--;--;--;--;--;--;--;--;--;--;--;--;--;--;--;--;--;--;--;--;--;--;--;--;--;--;--;--;--;--;--;--;--;--;--;--;--;--;--;--;--;--;--;--;--;--;--
27-04-2022;--;--;--;--;--;--;--;--;--;--;--;--;--;--;--;--;--;--;--;--;--;--;--;--;--;--;--;--;--;--;--;--;--;--;--;--;--;--;--;--;--;--;--;--;--;--;--;--
28-04-2022;--;--;--;--;--;--;--;--;--;--;--;--;--;--;--;--;--;--;--;--;--;--;--;--;--;--;--;--;--;--;--;--;--;--;--;--;--;--;--;--;--;--;--;--;--;--;--;--
29-04-2022;--;--;--;--;--;--;--;--;--;--;--;--;--;--;--;--;--;--;--;--;--;--;--;--;--;--;--;--;--;--;--;--;--;--;--;--;--;--;--;--;--;--;--;--;--;--;--;--
30-04-2022;--;--;--;--;--;--;--;--;--;--;--;--;--;--;--;--;--;--;--;--;--;--;--;--;--;--;--;--;--;--;--;--;--;--;--;--;--;--;--;--;--;--;--;--;--;--;--;--
01-05-2022;--;--;--;--;--;--;--;--;--;--;--;--;--;--;--;--;--;--;--;--;--;--;--;--;--;--;--;--;--;--;--;--;--;--;--;--;--;--;--;--;--;--;--;--;--;--;--;--
02-05-2022;--;--;--;--;--;--;--;--;--;--;--;--;--;--;--;--;--;--;--;--;--;--;--;--;--;--;--;--;--;--;--;--;--;--;--;--;--;--;--;--;--;--;--;--;--;--;--;--
03-05-2022;--;--;--;--;--;--;--;--;--;--;--;--;--;--;--;--;--;--;--;--;--;--;--;--;--;--;--;--;--;--;--;--;--;--;--;--;--;--;--;--;--;--;--;--;--;--;--;--
04-05-2022;--;--;--;--;--;--;--;--;--;--;--;--;--;--;--;--;--;--;--;--;--;--;--;--;--;--;--;--;--;--;--;--;--;--;--;--;--;--;--;--;--;--;--;--;--;--;--;--
05-05-2022;--;--;--;--;--;--;--;--;--;--;--;--;--;--;--;--;--;--;--;--;--;--;--;--;--;--;--;--;--;--;--;--;--;--;--;--;--;--;--;--;--;--;--;--;--;--;--;--
06-05-2022;--;--;--;--;--;--;--;--;--;--;--;--;--;--;--;--;--;--;--;--;--;--;--;--;--;--;--;--;--;--;--;--;--;--;--;--;--;--;--;--;--;--;--;--;--;--;--;--
07-05-2022;--;--;--;--;--;--;--;--;--;--;--;--;--;--;--;--;--;--;--;--;--;--;--;--;--;--;--;--;--;--;--;--;--;--;--;--;--;--;--;--;--;--;--;--;--;--;--;--
08-05-2022;--;--;--;--;--;--;--;--;--;--;--;--;--;--;--;--;--;--;--;--;--;--;--;--;--;--;--;--;--;--;--;--;--;--;--;--;--;--;--;--;--;--;--;--;--;--;--;--
09-05-2022;--;--;--;--;--;--;--;--;--;--;--;--;--;--;--;--;--;--;--;--;--;--;--;--;--;--;--;--;--;--;--;--;--;--;--;--;--;--;--;--;--;--;--;--;--;--;--;--
10-05-2022;--;--;--;--;--;--;--;--;--;--;--;--;--;--;--;--;--;--;--;--;--;--;--;--;--;--;--;--;--;--;--;--;--;--;--;--;--;--;--;--;--;--;--;--;--;--;--;--
11-05-2022;--;--;--;--;--;--;--;--;--;--;--;--;--;--;--;--;--;--;--;--;--;--;--;--;--;--;--;--;--;--;--;--;--;--;--;--;--;--;--;--;--;--;--;--;--;--;--;--
12-05-2022;--;--;--;--;--;--;--;--;--;--;--;--;--;--;--;--;--;--;--;--;--;--;--;--;--;--;--;--;--;--;--;--;--;--;--;--;--;--;--;--;--;--;--;--;--;--;--;--
13-05-2022;--;--;--;--;--;--;--;--;--;--;--;--;--;--;--;--;--;--;--;--;--;--;--;--;--;--;--;--;--;--;--;--;--;--;--;--;--;--;--;--;--;--;--;--;--;--;--;--
14-05-2022;--;--;--;--;--;--;--;--;--;--;--;--;--;--;--;--;--;--;--;--;--;--;--;--;--;--;--;--;--;--;--;--;--;--;--;--;--;--;--;--;--;--;--;--;--;--;--;--
15-05-2022;--;--;--;--;--;--;--;--;--;--;--;--;--;--;--;--;--;--;--;--;--;--;--;--;--;--;--;--;--;--;--;--;--;--;--;--;--;--;--;--;--;--;--;--;--;--;--;--
16-05-2022;--;--;--;--;--;--;--;--;--;--;--;--;--;--;--;--;--;--;--;--;--;--;--;--;--;--;--;--;--;--;--;--;--;--;--;--;--;--;--;--;--;--;--;--;--;--;--;--
17-05-2022;--;--;--;--;--;--;--;--;--;--;--;--;--;--;--;--;--;--;--;--;--;--;--;--;--;--;--;--;--;--;--;--;--;--;--;--;--;--;--;--;--;--;--;--;--;--;--;--
18-05-2022;--;--;--;--;--;--;--;--;--;--;--;--;--;--;--;--;--;--;--;--;--;--;--;--;--;--;--;--;--;--;--;--;--;--;--;--;--;--;--;--;--;--;--;--;--;--;--;--
19-05-2022;--;--;--;--;--;--;--;--;--;--;--;--;--;--;--;--;--;--;--;--;--;--;--;--;--;--;--;--;--;--;--;--;--;--;--;--;--;--;--;--;--;--;--;--;--;--;--;--
20-05-2022;--;--;--;--;--;--;--;--;--;--;--;--;--;--;--;--;--;--;--;--;--;--;--;--;--;--;--;--;--;--;--;--;--;--;--;--;--;--;--;--;--;--;--;--;--;--;--;--
21-05-2022;--;--;--;--;--;--;--;--;--;--;--;--;--;--;--;--;--;--;--;--;--;--;--;--;--;--;--;--;--;--;--;--;--;--;--;--;--;--;--;--;--;--;--;--;--;--;--;--
22-05-2022;--;--;--;--;--;--;--;--;--;--;--;--;--;--;--;--;--;--;--;--;--;--;--;--;--;--;--;--;--;--;--;--;--;--;--;--;--;--;--;--;--;--;--;--;--;--;--;--
23-05-2022;--;--;--;--;--;--;--;--;--;--;--;--;--;--;--;--;--;--;--;--;--;--;--;--;--;--;--;--;--;--;--;--;--;--;--;--;--;--;--;--;--;--;--;--;--;--;--;--
24-05-2022;--;--;--;--;--;--;--;--;--;--;--;--;--;--;--;--;--;--;--;--;--;--;--;--;--;--;--;--;--;--;--;--;--;--;--;--;--;--;--;--;--;--;--;--;--;--;--;--
25-05-2022;--;--;--;--;--;--;--;--;--;--;--;--;--;--;--;--;--;--;--;--;--;--;--;--;--;--;--;--;--;--;--;--;--;--;--;--;--;--;--;--;--;--;--;--;--;--;--;--
26-05-2022;--;--;--;--;--;--;--;--;--;--;--;--;--;--;--;--;--;--;--;--;--;--;--;--;--;--;--;--;--;--;--;--;--;--;--;--;--;--;--;--;--;--;--;--;--;--;--;--
27-05-2022;--;--;--;--;--;--;--;--;--;--;--;--;--;--;--;--;--;--;--;--;--;--;--;--;--;--;--;--;--;--;--;--;--;--;--;--;--;--;--;--;--;--;--;--;--;--;--;--
28-05-2022;--;--;--;--;--;--;--;--;--;--;--;--;--;--;--;--;--;--;--;--;--;--;--;--;--;--;--;--;--;--;--;--;--;--;--;--;--;--;--;--;--;--;--;--;--;--;--;--
29-05-2022;--;--;--;--;--;--;--;--;--;--;--;--;--;--;--;--;--;--;--;--;--;--;--;--;--;--;--;--;--;--;--;--;--;--;--;--;--;--;--;--;--;--;--;--;--;--;--;--
30-05-2022;--;--;--;--;--;--;--;--;--;--;--;--;--;--;--;--;--;--;--;--;--;--;--;--;--;--;--;--;--;--;--;--;--;--;--;--;--;--;--;--;--;--;--;--;--;--;--;--
31-05-2022;--;--;--;--;--;--;--;--;--;--;--;--;--;--;--;--;--;--;--;--;--;--;--;--;--;--;--;--;--;--;--;--;--;--;--;--;--;--;--;--;--;--;--;--;--;--;--;--
01-06-2022;--;--;--;--;--;--;--;--;--;--;--;--;--;--;--;--;--;--;--;--;--;--;--;--;--;--;--;--;--;--;--;--;--;--;--;--;--;--;--;--;--;--;--;--;--;--;--;--
02-06-2022;--;--;--;--;--;--;--;--;--;--;--;--;--;--;--;--;--;--;--;--;--;--;--;--;--;--;--;--;--;--;--;--;--;--;--;--;--;--;--;--;--;--;--;--;--;--;--;--
03-06-2022;--;--;--;--;--;--;--;--;--;--;--;--;--;--;--;--;--;--;--;--;--;--;--;--;--;--;--;--;--;--;--;--;--;--;--;--;--;--;--;--;--;--;--;--;--;--;--;--
04-06-2022;--;--;--;--;--;--;--;--;--;--;--;--;--;--;--;--;--;--;--;--;--;--;--;--;--;--;--;--;--;--;--;--;--;--;--;--;--;--;--;--;--;--;--;--;--;--;--;--
05-06-2022;--;--;--;--;--;--;--;--;--;--;--;--;--;--;--;--;--;--;--;--;--;--;--;--;--;--;--;--;--;--;--;--;--;--;--;--;--;--;--;--;--;--;--;--;--;--;--;--
06-06-2022;--;--;--;--;--;--;--;--;--;--;--;--;--;--;--;--;--;--;--;--;--;--;--;--;--;--;--;--;--;--;--;--;--;--;--;--;--;--;--;--;--;--;--;--;--;--;--;--
07-06-2022;--;--;--;--;--;--;--;--;--;--;--;--;--;--;--;--;--;--;--;--;--;--;--;--;--;--;--;--;--;--;--;--;--;--;--;--;--;--;--;--;--;--;--;--;--;--;--;--
08-06-2022;--;--;--;--;--;--;--;--;--;--;--;--;--;--;--;--;--;--;--;--;--;--;--;--;--;--;--;--;--;--;--;--;--;--;--;--;--;--;--;--;--;--;--;--;--;--;--;--
09-06-2022;--;--;--;--;--;--;--;--;--;--;--;--;--;--;--;--;--;--;--;--;--;--;--;--;--;--;--;--;--;--;--;--;--;--;--;--;--;--;--;--;--;--;--;--;--;--;--;--
10-06-2022;--;--;--;--;--;--;--;--;--;--;--;--;--;--;--;--;--;--;--;--;--;--;--;--;--;--;--;--;--;--;--;--;--;--;--;--;--;--;--;--;--;--;--;--;--;--;--;--
11-06-2022;--;--;--;--;--;--;--;--;--;--;--;--;--;--;--;--;--;--;--;--;--;--;--;--;--;--;--;--;--;--;--;--;--;--;--;--;--;--;--;--;--;--;--;--;--;--;--;--
12-06-2022;--;--;--;--;--;--;--;--;--;--;--;--;--;--;--;--;--;--;--;--;--;--;--;--;--;--;--;--;--;--;--;--;--;--;--;--;--;--;--;--;--;--;--;--;--;--;--;--
13-06-2022;--;--;--;--;--;--;--;--;--;--;--;--;--;--;--;--;--;--;--;--;--;--;--;--;--;--;--;--;--;--;--;--;--;--;--;--;--;--;--;--;--;--;--;--;--;--;--;--
14-06-2022;--;--;--;--;--;--;--;--;--;--;--;--;--;--;--;--;--;--;--;--;--;--;--;--;--;--;--;--;--;--;--;--;--;--;--;--;--;--;--;--;--;--;--;--;--;--;--;--
15-06-2022;--;--;--;--;--;--;--;--;--;--;--;--;--;--;--;--;--;--;--;--;--;--;--;--;--;--;--;--;--;--;--;--;--;--;--;--;--;--;--;--;--;--;--;--;--;--;--;--
16-06-2022;--;--;--;--;--;--;--;--;--;--;--;--;--;--;--;--;--;--;--;--;--;--;--;--;--;--;--;--;--;--;--;--;--;--;--;--;--;--;--;--;--;--;--;--;--;--;--;--
17-06-2022;--;--;--;--;--;--;--;--;--;--;--;--;--;--;--;--;--;--;--;--;--;--;--;--;--;--;--;--;--;--;--;--;--;--;--;--;--;--;--;--;--;--;--;--;--;--;--;--
18-06-2022;--;--;--;--;--;--;--;--;--;--;--;--;--;--;--;--;--;--;--;--;--;--;--;--;--;--;--;--;--;--;--;--;--;--;--;--;--;--;--;--;--;--;--;--;--;--;--;--
19-06-2022;--;--;--;--;--;--;--;--;--;--;--;--;--;--;--;--;--;--;--;--;--;--;--;--;--;--;--;--;--;--;--;--;--;--;--;--;--;--;--;--;--;--;--;--;--;--;--;--
20-06-2022;--;--;--;--;--;--;--;--;--;--;--;--;--;--;--;--;--;--;--;--;--;--;--;--;--;--;--;--;--;--;--;--;--;--;--;--;--;--;--;--;--;--;--;--;--;--;--;--
21-06-2022;--;--;--;--;--;--;--;--;--;--;--;--;--;--;--;--;--;--;--;--;--;--;--;--;--;--;--;--;--;--;--;--;--;--;--;--;--;--;--;--;--;--;--;--;--;--;--;--
22-06-2022;--;--;--;--;--;--;--;--;--;--;--;--;--;--;--;--;--;--;--;--;--;--;--;--;--;--;--;--;--;--;--;--;--;--;--;--;--;--;--;--;--;--;--;--;--;--;--;--
23-06-2022;--;--;--;--;--;--;--;--;--;--;--;--;--;--;--;--;--;--;--;--;--;--;--;--;--;--;--;--;--;--;--;--;--;--;--;--;--;--;--;--;--;--;--;--;--;--;--;--
24-06-2022;--;--;--;--;--;--;--;--;--;--;--;--;--;--;--;--;--;--;--;--;--;--;--;--;--;--;--;--;--;--;--;--;--;--;--;--;--;--;--;--;--;--;--;--;--;--;--;--
25-06-2022;--;--;--;--;--;--;--;--;--;--;--;--;--;--;--;--;--;--;--;--;--;--;--;--;--;--;--;--;--;--;--;--;--;--;--;--;--;--;--;--;--;--;--;--;--;--;--;--
26-06-2022;--;--;--;--;--;--;--;--;--;--;--;--;--;--;--;--;--;--;--;--;--;--;--;--;--;--;--;--;--;--;--;--;--;--;--;--;--;--;--;--;--;--;--;--;--;--;--;--
27-06-2022;--;--;--;--;--;--;--;--;--;--;--;--;--;--;--;--;--;--;--;--;--;--;--;--;--;--;--;--;--;--;--;--;--;--;--;--;--;--;--;--;--;--;--;--;--;--;--;--
28-06-2022;--;--;--;--;--;--;--;--;--;--;--;--;--;--;--;--;--;--;--;--;--;--;--;--;--;--;--;--;--;--;--;--;--;--;--;--;--;--;--;--;--;--;--;--;--;--;--;--
29-06-2022;--;--;--;--;--;--;--;--;--;--;--;--;--;--;--;--;--;--;--;--;--;--;--;--;--;--;--;--;--;--;--;--;--;--;--;--;--;--;--;--;--;--;--;--;--;--;--;--
30-06-2022;--;--;--;--;--;--;--;--;--;--;--;--;--;--;--;--;--;--;--;--;--;--;--;--;--;--;--;--;--;--;--;--;--;--;--;--;--;--;--;--;--;--;--;--;--;--;--;--
01-07-2022;--;--;--;--;--;--;--;--;--;--;--;--;--;--;--;--;--;--;--;--;--;--;--;--;--;--;--;--;--;--;--;--;--;--;--;--;--;--;--;--;--;--;--;--;--;--;--;--
02-07-2022;--;--;--;--;--;--;--;--;--;--;--;--;--;--;--;--;--;--;--;--;--;--;--;--;--;--;--;--;--;--;--;--;--;--;--;--;--;--;--;--;--;--;--;--;--;--;--;--
03-07-2022;--;--;--;--;--;--;--;--;--;--;--;--;--;--;--;--;--;--;--;--;--;--;--;--;--;--;--;--;--;--;--;--;--;--;--;--;--;--;--;--;--;--;--;--;--;--;--;--
04-07-2022;--;--;--;--;--;--;--;--;--;--;--;--;--;--;--;--;--;--;--;--;--;--;--;--;--;--;--;--;--;--;--;--;--;--;--;--;--;--;--;--;--;--;--;--;--;--;--;--
05-07-2022;--;--;--;--;--;--;--;--;--;--;--;--;--;--;--;--;--;--;--;--;--;--;--;--;--;--;--;--;--;--;--;--;--;--;--;--;--;--;--;--;--;--;--;--;--;--;--;--
06-07-2022;--;--;--;--;--;--;--;--;--;--;--;--;--;--;--;--;--;--;--;--;--;--;--;--;--;--;--;--;--;--;--;--;--;--;--;--;--;--;--;--;--;--;--;--;--;--;--;--
07-07-2022;--;--;--;--;--;--;--;--;--;--;--;--;--;--;--;--;--;--;--;--;--;--;--;--;--;--;--;--;--;--;--;--;--;--;--;--;--;--;--;--;--;--;--;--;--;--;--;--
08-07-2022;--;--;--;--;--;--;--;--;--;--;--;--;--;--;--;--;--;--;--;--;--;--;--;--;--;--;--;--;--;--;--;--;--;--;--;--;--;--;--;--;--;--;--;--;--;--;--;--
09-07-2022;--;--;--;--;--;--;--;--;--;--;--;--;--;--;--;--;--;--;--;--;--;--;--;--;--;--;--;--;--;--;--;--;--;--;--;--;--;--;--;--;--;--;--;--;--;--;--;--
10-07-2022;--;--;--;--;--;--;--;--;--;--;--;--;--;--;--;--;--;--;--;--;--;--;--;--;--;--;--;--;--;--;--;--;--;--;--;--;--;--;--;--;--;--;--;--;--;--;--;--
11-07-2022;--;--;--;--;--;--;--;--;--;--;--;--;--;--;--;--;--;--;--;--;--;--;--;--;--;--;--;--;--;--;--;--;--;--;--;--;--;--;--;--;--;--;--;--;--;--;--;--
12-07-2022;--;--;--;--;--;--;--;--;--;--;--;--;--;--;--;--;--;--;--;--;--;--;--;--;--;--;--;--;--;--;--;--;--;--;--;--;--;--;--;--;--;--;--;--;--;--;--;--
13-07-2022;--;--;--;--;--;--;--;--;--;--;--;--;--;--;--;--;--;--;--;--;--;--;--;--;--;--;--;--;--;--;--;--;--;--;--;--;--;--;--;--;--;--;--;--;--;--;--;--
14-07-2022;--;--;--;--;--;--;--;--;--;--;--;--;--;--;--;--;--;--;--;--;--;--;--;--;--;--;--;--;--;--;--;--;--;--;--;--;--;--;--;--;--;--;--;--;--;--;--;--
15-07-2022;--;--;--;--;--;--;--;--;--;--;--;--;--;--;--;--;--;--;--;--;--;--;--;--;--;--;--;--;--;--;--;--;--;--;--;--;--;--;--;--;--;--;--;--;--;--;--;--
16-07-2022;--;--;--;--;--;--;--;--;--;--;--;--;--;--;--;--;--;--;--;--;--;--;--;--;--;--;--;--;--;--;--;--;--;--;--;--;--;--;--;--;--;--;--;--;--;--;--;--
17-07-2022;--;--;--;--;--;--;--;--;--;--;--;--;--;--;--;--;--;--;--;--;--;--;--;--;--;--;--;--;--;--;--;--;--;--;--;--;--;--;--;--;--;--;--;--;--;--;--;--
18-07-2022;--;--;--;--;--;--;--;--;--;--;--;--;--;--;--;--;--;--;--;--;--;--;--;--;--;--;--;--;--;--;--;--;--;--;--;--;--;--;--;--;--;--;--;--;--;--;--;--
19-07-2022;--;--;--;--;--;--;--;--;--;--;--;--;--;--;--;--;--;--;--;--;--;--;--;--;--;--;--;--;--;--;--;--;--;--;--;--;--;--;--;--;--;--;--;--;--;--;--;--
20-07-2022;--;--;--;--;--;--;--;--;--;--;--;--;--;--;--;--;--;--;--;--;--;--;--;--;--;--;--;--;--;--;--;--;--;--;--;--;--;--;--;--;--;--;--;--;--;--;--;--
21-07-2022;--;--;--;--;--;--;--;--;--;--;--;--;--;--;--;--;--;--;--;--;--;--;--;--;--;--;--;--;--;--;--;--;--;--;--;--;--;--;--;--;--;--;--;--;--;--;--;--
22-07-2022;--;--;--;--;--;--;--;--;--;--;--;--;--;--;--;--;--;--;--;--;--;--;--;--;--;--;--;--;--;--;--;--;--;--;--;--;--;--;--;--;--;--;--;--;--;--;--;--
23-07-2022;--;--;--;--;--;--;--;--;--;--;--;--;--;--;--;--;--;--;--;--;--;--;--;--;--;--;--;--;--;--;--;--;--;--;--;--;--;--;--;--;--;--;--;--;--;--;--;--
24-07-2022;--;--;--;--;--;--;--;--;--;--;--;--;--;--;--;--;--;--;--;--;--;--;--;--;--;--;--;--;--;--;--;--;--;--;--;--;--;--;--;--;--;--;--;--;--;--;--;--
25-07-2022;--;--;--;--;--;--;--;--;--;--;--;--;--;--;--;--;--;--;--;--;--;--;--;--;--;--;--;--;--;--;--;--;--;--;--;--;--;--;--;--;--;--;--;--;--;--;--;--
26-07-2022;--;--;--;--;--;--;--;--;--;--;--;--;--;--;--;--;--;--;--;--;--;--;--;--;--;--;--;--;--;--;--;--;--;--;--;--;--;--;--;--;--;--;--;--;--;--;--;--
27-07-2022;--;--;--;--;--;--;--;--;--;--;--;--;--;--;--;--;--;--;--;--;--;--;--;--;--;--;--;--;--;--;--;--;--;--;--;--;--;--;--;--;--;--;--;--;--;--;--;--
28-07-2022;--;--;--;--;--;--;--;--;--;--;--;--;--;--;--;--;--;--;--;--;--;--;--;--;--;--;--;--;--;--;--;--;--;--;--;--;--;--;--;--;--;--;--;--;--;--;--;--
29-07-2022;--;--;--;--;--;--;--;--;--;--;--;--;--;--;--;--;--;--;--;--;--;--;--;--;--;--;--;--;--;--;--;--;--;--;--;--;--;--;--;--;--;--;--;--;--;--;--;--
30-07-2022;--;--;--;--;--;--;--;--;--;--;--;--;--;--;--;--;--;--;--;--;--;--;--;--;--;--;--;--;--;--;--;--;--;--;--;--;--;--;--;--;--;--;--;--;--;--;--;--
31-07-2022;--;--;--;--;--;--;--;--;--;--;--;--;--;--;--;--;--;--;--;--;--;--;--;--;--;--;--;--;--;--;--;--;--;--;--;--;--;--;--;--;--;--;--;--;--;--;--;--
01-08-2022;--;--;--;--;--;--;--;--;--;--;--;--;--;--;--;--;--;--;--;--;--;--;--;--;--;--;--;--;--;--;--;--;--;--;--;--;--;--;--;--;--;--;--;--;--;--;--;--
02-08-2022;--;--;--;--;--;--;--;--;--;--;--;--;--;--;--;--;--;--;--;--;--;--;--;--;--;--;--;--;--;--;--;--;--;--;--;--;--;--;--;--;--;--;--;--;--;--;--;--
03-08-2022;--;--;--;--;--;--;--;--;--;--;--;--;--;--;--;--;--;--;--;--;--;--;--;--;--;--;--;--;--;--;--;--;--;--;--;--;--;--;--;--;--;--;--;--;--;--;--;--
04-08-2022;--;--;--;--;--;--;--;--;--;--;--;--;--;--;--;--;--;--;--;--;--;--;--;--;--;--;--;--;--;--;--;--;--;--;--;--;--;--;--;--;--;--;--;--;--;--;--;--
05-08-2022;--;--;--;--;--;--;--;--;--;--;--;--;--;--;--;--;--;--;--;--;--;--;--;--;--;--;--;--;--;--;--;--;--;--;--;--;--;--;--;--;--;--;--;--;--;--;--;--
06-08-2022;--;--;--;--;--;--;--;--;--;--;--;--;--;--;--;--;--;--;--;--;--;--;--;--;--;--;--;--;--;--;--;--;--;--;--;--;--;--;--;--;--;--;--;--;--;--;--;--
07-08-2022;--;--;--;--;--;--;--;--;--;--;--;--;--;--;--;--;--;--;--;--;--;--;--;--;--;--;--;--;--;--;--;--;--;--;--;--;--;--;--;--;--;--;--;--;--;--;--;--
08-08-2022;--;--;--;--;--;--;--;--;--;--;--;--;--;--;--;--;--;--;--;--;--;--;--;--;--;--;--;--;--;--;--;--;--;--;--;--;--;--;--;--;--;--;--;--;--;--;--;--
09-08-2022;--;--;--;--;--;--;--;--;--;--;--;--;--;--;--;--;--;--;--;--;--;--;--;--;--;--;--;--;--;--;--;--;--;--;--;--;--;--;--;--;--;--;--;--;--;--;--;--
10-08-2022;--;--;--;--;--;--;--;--;--;--;--;--;--;--;--;--;--;--;--;--;--;--;--;--;--;--;--;--;--;--;--;--;--;--;--;--;--;--;--;--;--;--;--;--;--;--;--;--
11-08-2022;--;--;--;--;--;--;--;--;--;--;--;--;--;--;--;--;--;--;--;--;--;--;--;--;--;--;--;--;--;--;--;--;--;--;--;--;--;--;--;--;--;--;--;--;--;--;--;--
12-08-2022;--;--;--;--;--;--;--;--;--;--;--;--;--;--;--;--;--;--;--;--;--;--;--;--;--;--;--;--;--;--;--;--;--;--;--;--;--;--;--;--;--;--;--;--;--;--;--;--
13-08-2022;--;--;--;--;--;--;--;--;--;--;--;--;--;--;--;--;--;--;--;--;--;--;--;--;--;--;--;--;--;--;--;--;--;--;--;--;--;--;--;--;--;--;--;--;--;--;--;--
14-08-2022;--;--;--;--;--;--;--;--;--;--;--;--;--;--;--;--;--;--;--;--;--;--;--;--;--;--;--;--;--;--;--;--;--;--;--;--;--;--;--;--;--;--;--;--;--;--;--;--
15-08-2022;--;--;--;--;--;--;--;--;--;--;--;--;--;--;--;--;--;--;--;--;--;--;--;--;--;--;--;--;--;--;--;--;--;--;--;--;--;--;--;--;--;--;--;--;--;--;--;--
16-08-2022;--;--;--;--;--;--;--;--;--;--;--;--;--;--;--;--;--;--;--;--;--;--;--;--;--;--;--;--;--;--;--;--;--;--;--;--;--;--;--;--;--;--;--;--;--;--;--;--
17-08-2022;--;--;--;--;--;--;--;--;--;--;--;--;--;--;--;--;--;--;--;--;--;--;--;--;--;--;--;--;--;--;--;--;--;--;--;--;--;--;--;--;--;--;--;--;--;--;--;--
18-08-2022;--;--;--;--;--;--;--;--;--;--;--;--;--;--;--;--;--;--;--;--;--;--;--;--;--;--;--;--;--;--;--;--;--;--;--;--;--;--;--;--;--;--;--;--;--;--;--;--
19-08-2022;--;--;--;--;--;--;--;--;--;--;--;--;--;--;--;--;--;--;--;--;--;--;--;--;--;--;--;--;--;--;--;--;--;--;--;--;--;--;--;--;--;--;--;--;--;--;--;--
20-08-2022;--;--;--;--;--;--;--;--;--;--;--;--;--;--;--;--;--;--;--;--;--;--;--;--;--;--;--;--;--;--;--;--;--;--;--;--;--;--;--;--;--;--;--;--;--;--;--;--
21-08-2022;--;--;--;--;--;--;--;--;--;--;--;--;--;--;--;--;--;--;--;--;--;--;--;--;--;--;--;--;--;--;--;--;--;--;--;--;--;--;--;--;--;--;--;--;--;--;--;--
22-08-2022;--;--;--;--;--;--;--;--;--;--;--;--;--;--;--;--;--;--;--;--;--;--;--;--;--;--;--;--;--;--;--;--;--;--;--;--;--;--;--;--;--;--;--;--;--;--;--;--
23-08-2022;--;--;--;--;--;--;--;--;--;--;--;--;--;--;--;--;--;--;--;--;--;--;--;--;--;--;--;--;--;--;--;--;--;--;--;--;--;--;--;--;--;--;--;--;--;--;--;--
24-08-2022;7.47;81.23;15.89;93.57;24.19;106.53;31.91;120.76;38.48;136.92;43.18;155.42;45.27;175.82;44.34;196.59;40.58;215.94;34.65;233.00;27.28;247.91;19.13;261.27;10.69;273.78;2.36;286.02;-5.47;298.51;--;--;--;--;--;--;--;--;--;--;--;--;--;--;--;--;--;--
25-08-2022;--;--;15.65;93.83;23.94;106.80;31.65;121.03;38.19;137.17;42.86;155.62;44.93;175.93;43.99;196.60;40.24;215.87;34.31;232.88;26.96;247.76;18.81;261.13;10.36;273.63;2.03;285.88;-5.80;298.39;--;--;--;--;--;--;--;--;--;--;--;--;--;--;--;--;--;--
26-08-2022;--;--;15.40;94.10;23.69;107.07;31.38;121.30;37.90;137.43;42.54;155.82;44.59;176.05;43.64;196.62;39.89;215.80;33.97;232.76;26.62;247.62;18.48;260.98;10.04;273.49;1.70;285.75;-6.14;298.28;--;--;--;--;--;--;--;--;--;--;--;--;--;--;--;--;--;--
27-08-2022;--;--;15.15;94.36;23.43;107.34;31.11;121.57;37.61;137.68;42.22;156.02;44.24;176.16;43.28;196.63;39.53;215.74;33.62;232.65;26.29;247.48;18.16;260.83;9.71;273.34;1.37;285.61;-6.48;298.16;--;--;--;--;--;--;--;--;--;--;--;--;--;--;--;--;--;--
28-08-2022;--;--;14.91;94.63;23.18;107.62;30.84;121.84;37.31;137.93;41.89;156.23;43.89;176.28;42.92;196.65;39.18;215.67;33.28;232.53;25.95;247.35;17.82;260.69;9.38;273.20;1.04;285.48;-6.82;298.05;--;--;--;--;--;--;--;--;--;--;--;--;--;--;--;--;--;--
29-08-2022;--;--;14.66;94.90;22.92;107.89;30.56;122.12;37.01;138.19;41.57;156.43;43.54;176.40;42.56;196.67;38.82;215.61;32.93;232.42;25.61;247.21;17.49;260.54;9.05;273.06;0.70;285.35;-7.16;297.93;--;--;--;--;--;--;--;--;--;--;--;--;--;--;--;--;--;--
30-08-2022;--;--;14.41;95.18;22.66;108.17;30.29;122.39;36.71;138.44;41.24;156.64;43.19;176.52;42.20;196.69;38.45;215.55;32.57;232.31;25.27;247.07;17.15;260.39;8.71;272.91;0.36;285.21;-7.51;297.81;--;--;--;--;--;--;--;--;--;--;--;--;--;--;--;--;--;--
31-08-2022;--;--;14.15;95.45;22.40;108.45;30.01;122.67;36.40;138.70;40.90;156.85;42.83;176.65;41.83;196.72;38.09;215.49;32.22;232.19;24.92;246.93;16.81;260.25;8.37;272.77;0.02;285.08;-7.86;297.70;--;--;--;--;--;--;--;--;--;--;--;--;--;--;--;--;--;--
01-09-2022;--;--;13.90;95.73;22.14;108.73;29.73;122.95;36.10;138.96;40.57;157.05;42.47;176.77;41.46;196.74;37.72;215.43;31.86;232.09;24.57;246.80;16.46;260.10;8.03;272.63;-0.33;284.94;-8.21;297.58;--;--;--;--;--;--;--;--;--;--;--;--;--;--;--;--;--;--
02-09-2022;--;--;13.65;96.01;21.88;109.02;29.45;123.23;35.79;139.22;40.23;157.26;42.11;176.89;41.09;196.76;37.35;215.38;31.50;231.98;24.22;246.66;16.12;259.96;7.68;272.48;-0.68;284.81;-8.57;297.46;--;--;--;--;--;--;--;--;--;--;--;--;--;--;--;--;--;--
03-09-2022;--;--;13.39;96.29;21.61;109.30;29.16;123.51;35.48;139.48;39.89;157.47;41.75;177.01;40.71;196.79;36.98;215.32;31.13;231.87;23.86;246.53;15.77;259.82;7.33;272.34;-1.03;284.68;--;--;--;--;--;--;--;--;--;--;--;--;--;--;--;--;--;--;--;--
04-09-2022;--;--;13.13;96.57;21.34;109.59;28.88;123.79;35.17;139.74;39.55;157.67;41.38;177.14;40.34;196.82;36.60;215.27;30.77;231.76;23.51;246.40;15.42;259.67;6.98;272.20;-1.38;284.54;--;--;--;--;--;--;--;--;--;--;--;--;--;--;--;--;--;--;--;--
05-09-2022;--;--;12.87;96.85;21.07;109.87;28.59;124.07;34.85;140.00;39.21;157.88;41.01;177.26;39.96;196.84;36.23;215.21;30.40;231.66;23.15;246.26;15.06;259.53;6.63;272.05;-1.74;284.41;--;--;--;--;--;--;--;--;--;--;--;--;--;--;--;--;--;--;--;--
06-09-2022;--;--;12.61;97.14;20.80;110.16;28.30;124.35;34.54;140.25;38.86;158.09;40.64;177.38;39.58;196.87;35.85;215.16;30.03;231.55;22.79;246.13;14.71;259.39;6.28;271.91;-2.09;284.27;--;--;--;--;--;--;--;--;--;--;--;--;--;--;--;--;--;--;--;--
07-09-2022;--;--;12.35;97.43;20.53;110.45;28.01;124.64;34.22;140.51;38.51;158.30;40.27;177.51;39.19;196.90;35.47;215.11;29.66;231.45;22.42;246.00;14.35;259.24;5.92;271.77;-2.45;284.14;--;--;--;--;--;--;--;--;--;--;--;--;--;--;--;--;--;--;--;--
08-09-2022;--;--;12.09;97.71;20.26;110.74;27.72;124.92;33.90;140.77;38.16;158.50;39.90;177.63;38.81;196.93;35.08;215.06;29.28;231.35;22.06;245.87;13.99;259.10;5.56;271.63;-2.81;284.00;--;--;--;--;--;--;--;--;--;--;--;--;--;--;--;--;--;--;--;--
09-09-2022;--;--;11.83;98.00;19.99;111.03;27.42;125.20;33.58;141.03;37.81;158.71;39.52;177.75;38.42;196.96;34.70;215.01;28.91;231.24;21.69;245.74;13.63;258.96;5.20;271.48;-3.18;283.87;--;--;--;--;--;--;--;--;--;--;--;--;--;--;--;--;--;--;--;--
10-09-2022;--;--;11.56;98.29;19.71;111.32;27.13;125.49;33.26;141.29;37.46;158.91;39.15;177.88;38.04;196.99;34.31;214.96;28.53;231.14;21.32;245.61;13.27;258.82;4.84;271.34;-3.54;283.73;--;--;--;--;--;--;--;--;--;--;--;--;--;--;--;--;--;--;--;--
11-09-2022;--;--;11.30;98.58;19.43;111.61;26.83;125.77;32.93;141.55;37.11;159.12;38.77;178.00;37.65;197.02;33.93;214.91;28.15;231.04;20.95;245.48;12.90;258.68;4.48;271.20;-3.91;283.60;--;--;--;--;--;--;--;--;--;--;--;--;--;--;--;--;--;--;--;--
12-09-2022;--;--;11.03;98.87;19.16;111.90;26.53;126.05;32.61;141.80;36.75;159.32;38.39;178.12;37.26;197.05;33.54;214.86;27.77;230.94;20.58;245.35;12.54;258.54;4.11;271.05;-4.27;283.46;--;--;--;--;--;--;--;--;--;--;--;--;--;--;--;--;--;--;--;--
13-09-2022;--;--;10.76;99.17;18.88;112.19;26.23;126.33;32.28;142.06;36.39;159.52;38.01;178.24;36.86;197.08;33.15;214.81;27.38;230.84;20.20;245.22;12.17;258.39;3.75;270.91;-4.64;283.32;--;--;--;--;--;--;--;--;--;--;--;--;--;--;--;--;--;--;--;--
14-09-2022;--;--;10.49;99.46;18.60;112.49;25.93;126.62;31.95;142.31;36.03;159.73;37.63;178.36;36.47;197.11;32.75;214.77;27.00;230.74;19.83;245.09;11.80;258.25;3.38;270.77;-5.01;283.19;--;--;--;--;--;--;--;--;--;--;--;--;--;--;--;--;--;--;--;--
15-09-2022;--;--;10.22;99.75;18.32;112.78;25.63;126.90;31.62;142.57;35.67;159.93;37.25;178.48;36.08;197.14;32.36;214.72;26.62;230.64;19.45;244.97;11.43;258.11;3.01;270.62;-5.38;283.05;--;--;--;--;--;--;--;--;--;--;--;--;--;--;--;--;--;--;--;--
16-09-2022;--;--;9.95;100.04;18.03;113.07;25.33;127.18;31.29;142.82;35.31;160.12;36.86;178.60;35.68;197.17;31.97;214.67;26.23;230.55;19.08;244.84;11.06;257.97;2.65;270.48;-5.75;282.91;--;--;--;--;--;--;--;--;--;--;--;--;--;--;--;--;--;--;--;--
17-09-2022;--;--;9.68;100.34;17.75;113.36;25.02;127.46;30.96;143.07;34.95;160.32;36.48;178.72;35.29;197.19;31.57;214.63;25.84;230.45;18.70;244.71;10.69;257.83;2.28;270.33;-6.12;282.77;--;--;--;--;--;--;--;--;--;--;--;--;--;--;--;--;--;--;--;--
18-09-2022;--;--;9.41;100.63;17.46;113.65;24.71;127.74;30.62;143.32;34.59;160.52;36.09;178.84;34.89;197.22;31.18;214.58;25.46;230.35;18.32;244.58;10.31;257.69;1.91;270.19;-6.50;282.63;--;--;--;--;--;--;--;--;--;--;--;--;--;--;--;--;--;--;--;--
19-09-2022;--;--;9.14;100.92;17.18;113.94;24.41;128.01;30.29;143.57;34.22;160.71;35.70;178.95;34.49;197.25;30.78;214.54;25.07;230.25;17.94;244.46;9.94;257.55;1.54;270.04;-6.87;282.49;--;--;--;--;--;--;--;--;--;--;--;--;--;--;--;--;--;--;--;--
20-09-2022;--;--;8.86;101.22;16.89;114.23;24.10;128.29;29.95;143.82;33.86;160.90;35.32;179.07;34.10;197.28;30.39;214.49;24.68;230.16;17.56;244.33;9.57;257.41;1.16;269.90;-7.24;282.35;--;--;--;--;--;--;--;--;--;--;--;--;--;--;--;--;--;--;--;--
21-09-2022;--;--;8.59;101.51;16.60;114.51;23.79;128.57;29.61;144.06;33.49;161.09;34.93;179.18;33.70;197.31;29.99;214.44;24.29;230.06;17.18;244.20;9.20;257.26;0.79;269.75;-7.62;282.21;--;--;--;--;--;--;--;--;--;--;--;--;--;--;--;--;--;--;--;--
22-09-2022;--;--;8.31;101.80;16.32;114.80;23.48;128.84;29.28;144.31;33.13;161.28;34.54;179.29;33.30;197.33;29.59;214.40;23.90;229.96;16.80;244.08;8.82;257.12;0.42;269.61;-7.99;282.07;--;--;--;--;--;--;--;--;--;--;--;--;--;--;--;--;--;--;--;--
23-09-2022;--;--;8.04;102.09;16.03;115.09;23.17;129.11;28.94;144.55;32.76;161.47;34.15;179.40;32.90;197.36;29.20;214.35;23.51;229.87;16.42;243.95;8.45;256.98;0.05;269.46;-8.36;281.93;--;--;--;--;--;--;--;--;--;--;--;--;--;--;--;--;--;--;--;--
24-09-2022;--;--;7.76;102.38;15.74;115.37;22.86;129.38;28.60;144.79;32.39;161.65;33.76;179.51;32.50;197.38;28.80;214.30;23.12;229.77;16.04;243.82;8.08;256.84;-0.32;269.31;-8.74;281.78;--;--;--;--;--;--;--;--;--;--;--;--;--;--;--;--;--;--;--;--
25-09-2022;--;--;--;--;15.45;115.66;22.54;129.65;28.26;145.02;32.03;161.84;33.37;179.61;32.11;197.41;28.40;214.26;22.74;229.67;15.66;243.70;7.70;256.69;-0.69;269.16;-9.11;281.64;--;--;--;--;--;--;--;--;--;--;--;--;--;--;--;--;--;--;--;--
26-09-2022;--;--;--;--;15.15;115.94;22.23;129.92;27.92;145.26;31.66;162.02;32.99;179.72;31.71;197.43;28.01;214.21;22.35;229.58;15.28;243.57;7.33;256.55;-1.06;269.02;--;--;--;--;--;--;--;--;--;--;--;--;--;--;--;--;--;--;--;--;--;--
27-09-2022;--;--;--;--;14.86;116.22;21.92;130.18;27.57;145.49;31.29;162.19;32.60;179.82;31.31;197.45;27.61;214.16;21.96;229.48;14.90;243.44;6.96;256.41;-1.43;268.87;--;--;--;--;--;--;--;--;--;--;--;--;--;--;--;--;--;--;--;--;--;--
28-09-2022;--;--;--;--;14.57;116.50;21.60;130.44;27.23;145.72;30.92;162.37;32.21;179.92;30.91;197.47;27.21;214.11;21.57;229.38;14.52;243.31;6.59;256.26;-1.80;268.72;--;--;--;--;--;--;--;--;--;--;--;--;--;--;--;--;--;--;--;--;--;--
29-09-2022;--;--;--;--;14.27;116.77;21.28;130.70;26.89;145.95;30.55;162.54;31.82;180.02;30.51;197.49;26.82;214.06;21.18;229.28;14.15;243.19;6.22;256.12;-2.17;268.57;--;--;--;--;--;--;--;--;--;--;--;--;--;--;--;--;--;--;--;--;--;--
30-09-2022;--;--;--;--;13.98;117.05;20.97;130.96;26.55;146.17;30.18;162.71;31.43;180.11;30.12;197.51;26.42;214.01;20.80;229.18;13.77;243.06;5.85;255.98;-2.53;268.41;--;--;--;--;--;--;--;--;--;--;--;--;--;--;--;--;--;--;--;--;--;--
01-10-2022;--;--;--;--;13.69;117.32;20.65;131.22;26.20;146.39;29.81;162.88;31.04;180.21;29.72;197.52;26.03;213.96;20.41;229.09;13.39;242.93;5.48;255.83;-2.90;268.26;--;--;--;--;--;--;--;--;--;--;--;--;--;--;--;--;--;--;--;--;--;--
02-10-2022;--;--;--;--;13.39;117.59;20.34;131.47;25.86;146.61;29.44;163.04;30.65;180.30;29.33;197.54;25.64;213.91;20.03;228.99;13.02;242.80;5.11;255.68;-3.26;268.11;--;--;--;--;--;--;--;--;--;--;--;--;--;--;--;--;--;--;--;--;--;--
03-10-2022;--;--;--;--;13.09;117.86;20.02;131.72;25.52;146.83;29.08;163.20;30.27;180.39;28.93;197.55;25.25;213.86;19.64;228.89;12.65;242.67;4.74;255.54;-3.63;267.95;--;--;--;--;--;--;--;--;--;--;--;--;--;--;--;--;--;--;--;--;--;--
04-10-2022;--;--;--;--;12.80;118.13;19.70;131.97;25.18;147.04;28.71;163.36;29.88;180.48;28.54;197.56;24.86;213.80;19.26;228.79;12.27;242.54;4.38;255.39;-3.99;267.80;--;--;--;--;--;--;--;--;--;--;--;--;--;--;--;--;--;--;--;--;--;--
05-10-2022;--;--;--;--;12.50;118.39;19.38;132.21;24.83;147.25;28.34;163.52;29.50;180.56;28.15;197.57;24.47;213.75;18.88;228.69;11.90;242.41;4.02;255.24;-4.35;267.64;--;--;--;--;--;--;--;--;--;--;--;--;--;--;--;--;--;--;--;--;--;--
06-10-2022;--;--;--;--;12.21;118.65;19.07;132.45;24.49;147.46;27.97;163.67;29.11;180.64;27.76;197.58;24.08;213.69;18.50;228.58;11.53;242.28;3.65;255.09;-4.70;267.49;--;--;--;--;--;--;--;--;--;--;--;--;--;--;--;--;--;--;--;--;--;--
07-10-2022;--;--;--;--;11.91;118.91;18.75;132.69;24.15;147.66;27.61;163.82;28.73;180.72;27.37;197.59;23.69;213.64;18.13;228.48;11.17;242.15;3.29;254.94;-5.06;267.33;--;--;--;--;--;--;--;--;--;--;--;--;--;--;--;--;--;--;--;--;--;--
08-10-2022;--;--;--;--;11.61;119.17;18.43;132.93;23.80;147.86;27.24;163.97;28.35;180.80;26.98;197.59;23.31;213.58;17.75;228.38;10.80;242.01;2.94;254.79;-5.41;267.17;--;--;--;--;--;--;--;--;--;--;--;--;--;--;--;--;--;--;--;--;--;--
09-10-2022;--;--;--;--;11.32;119.42;18.11;133.16;23.46;148.06;26.88;164.11;27.97;180.88;26.59;197.59;22.93;213.52;17.38;228.28;10.44;241.88;2.58;254.64;-5.77;267.01;--;--;--;--;--;--;--;--;--;--;--;--;--;--;--;--;--;--;--;--;--;--
10-10-2022;--;--;--;--;11.02;119.67;17.79;133.39;23.12;148.25;26.51;164.25;27.59;180.95;26.21;197.59;22.55;213.46;17.01;228.17;10.08;241.75;2.23;254.49;-6.12;266.85;--;--;--;--;--;--;--;--;--;--;--;--;--;--;--;--;--;--;--;--;--;--
11-10-2022;--;--;--;--;10.72;119.92;17.48;133.61;22.78;148.44;26.15;164.39;27.21;181.02;25.82;197.59;22.17;213.40;16.64;228.07;9.72;241.61;1.88;254.34;-6.46;266.69;--;--;--;--;--;--;--;--;--;--;--;--;--;--;--;--;--;--;--;--;--;--
12-10-2022;--;--;--;--;10.43;120.16;17.16;133.83;22.44;148.63;25.79;164.52;26.83;181.08;25.44;197.59;21.79;213.34;16.27;227.96;9.36;241.48;1.53;254.19;-6.81;266.52;--;--;--;--;--;--;--;--;--;--;--;--;--;--;--;--;--;--;--;--;--;--
13-10-2022;--;--;--;--;10.13;120.40;16.84;134.05;22.10;148.81;25.43;164.65;26.46;181.15;25.06;197.58;21.42;213.27;15.91;227.85;9.01;241.34;1.18;254.03;-7.15;266.36;--;--;--;--;--;--;--;--;--;--;--;--;--;--;--;--;--;--;--;--;--;--
14-10-2022;--;--;--;--;9.84;120.64;16.53;134.27;21.76;148.99;25.07;164.77;26.08;181.21;24.69;197.58;21.05;213.21;15.54;227.74;8.66;241.20;0.84;253.88;-7.49;266.20;--;--;--;--;--;--;--;--;--;--;--;--;--;--;--;--;--;--;--;--;--;--
15-10-2022;--;--;--;--;9.54;120.88;16.21;134.48;21.42;149.16;24.71;164.90;25.71;181.26;24.31;197.57;20.68;213.14;15.19;227.63;8.31;241.06;0.50;253.72;-7.82;266.03;--;--;--;--;--;--;--;--;--;--;--;--;--;--;--;--;--;--;--;--;--;--
16-10-2022;--;--;--;--;9.24;121.11;15.90;134.69;21.09;149.33;24.35;165.01;25.34;181.32;23.94;197.56;20.31;213.07;14.83;227.52;7.96;240.93;0.16;253.56;-8.16;265.86;--;--;--;--;--;--;--;--;--;--;--;--;--;--;--;--;--;--;--;--;--;--
17-10-2022;--;--;--;--;8.95;121.33;15.58;134.89;20.75;149.50;24.00;165.13;24.98;181.37;23.57;197.54;19.95;213.00;14.48;227.41;7.62;240.79;-0.17;253.41;-8.49;265.69;--;--;--;--;--;--;--;--;--;--;--;--;--;--;--;--;--;--;--;--;--;--
18-10-2022;--;--;--;--;8.66;121.56;15.27;135.09;20.42;149.66;23.64;165.24;24.61;181.42;23.20;197.53;19.58;212.93;14.12;227.30;7.28;240.65;-0.50;253.25;-8.81;265.52;--;--;--;--;--;--;--;--;--;--;--;--;--;--;--;--;--;--;--;--;--;--
19-10-2022;--;--;--;--;8.36;121.78;14.96;135.28;20.08;149.82;23.29;165.35;24.25;181.46;22.84;197.51;19.23;212.86;13.78;227.19;6.94;240.50;-0.83;253.09;-9.13;265.35;--;--;--;--;--;--;--;--;--;--;--;--;--;--;--;--;--;--;--;--;--;--
20-10-2022;--;--;--;--;8.07;121.99;14.65;135.47;19.75;149.98;22.94;165.45;23.89;181.50;22.48;197.49;18.87;212.79;13.43;227.07;6.61;240.36;-1.15;252.93;--;--;--;--;--;--;--;--;--;--;--;--;--;--;--;--;--;--;--;--;--;--;--;--
21-10-2022;--;--;--;--;7.78;122.20;14.33;135.66;19.42;150.13;22.60;165.55;23.53;181.54;22.12;197.46;18.52;212.71;13.09;226.96;6.28;240.22;-1.47;252.76;--;--;--;--;--;--;--;--;--;--;--;--;--;--;--;--;--;--;--;--;--;--;--;--
22-10-2022;--;--;--;--;7.49;122.41;14.03;135.84;19.09;150.27;22.25;165.65;23.18;181.58;21.77;197.44;18.17;212.63;12.76;226.84;5.96;240.07;-1.79;252.60;--;--;--;--;--;--;--;--;--;--;--;--;--;--;--;--;--;--;--;--;--;--;--;--
23-10-2022;--;--;--;--;7.20;122.62;13.72;136.02;18.76;150.41;21.91;165.74;22.83;181.61;21.41;197.41;17.83;212.55;12.42;226.72;5.64;239.93;-2.10;252.44;--;--;--;--;--;--;--;--;--;--;--;--;--;--;--;--;--;--;--;--;--;--;--;--
24-10-2022;--;--;--;--;6.91;122.81;13.41;136.20;18.44;150.55;21.57;165.83;22.48;181.64;21.06;197.38;17.49;212.47;12.09;226.60;5.32;239.78;-2.41;252.27;--;--;--;--;--;--;--;--;--;--;--;--;--;--;--;--;--;--;--;--;--;--;--;--
25-10-2022;--;--;--;--;--;--;13.11;136.37;18.12;150.68;21.23;165.91;22.13;181.66;20.72;197.35;17.15;212.39;11.77;226.48;5.00;239.64;-2.71;252.11;--;--;--;--;--;--;--;--;--;--;--;--;--;--;--;--;--;--;--;--;--;--;--;--
26-10-2022;--;--;--;--;--;--;12.80;136.53;17.80;150.81;20.89;165.99;21.79;181.69;20.38;197.31;16.82;212.31;11.45;226.36;4.70;239.49;-3.01;251.94;--;--;--;--;--;--;--;--;--;--;--;--;--;--;--;--;--;--;--;--;--;--;--;--
27-10-2022;--;--;--;--;--;--;12.50;136.69;17.48;150.94;20.56;166.06;21.45;181.71;20.04;197.28;16.49;212.22;11.13;226.24;4.39;239.34;-3.31;251.78;--;--;--;--;--;--;--;--;--;--;--;--;--;--;--;--;--;--;--;--;--;--;--;--
28-10-2022;--;--;--;--;--;--;12.20;136.85;17.16;151.06;20.23;166.14;21.11;181.72;19.71;197.24;16.16;212.13;10.82;226.11;4.09;239.19;-3.60;251.61;--;--;--;--;--;--;--;--;--;--;--;--;--;--;--;--;--;--;--;--;--;--;--;--
29-10-2022;--;--;--;--;--;--;11.90;137.00;16.85;151.17;19.91;166.20;20.78;181.73;19.38;197.19;15.84;212.04;10.51;225.99;3.79;239.04;-3.89;251.44;--;--;--;--;--;--;--;--;--;--;--;--;--;--;--;--;--;--;--;--;--;--;--;--
30-10-2022;--;--;--;--;--;--;5.20;123.92;11.60;137.15;16.53;151.28;19.58;166.27;20.45;181.74;19.05;197.15;15.52;211.95;10.20;225.86;3.50;238.89;--;--;--;--;--;--;--;--;--;--;--;--;--;--;--;--;--;--;--;--;--;--;--;--
31-10-2022;--;--;--;--;--;--;4.92;124.08;11.31;137.29;16.22;151.39;19.26;166.33;20.13;181.75;18.73;197.10;15.21;211.86;9.90;225.73;3.22;238.73;--;--;--;--;--;--;--;--;--;--;--;--;--;--;--;--;--;--;--;--;--;--;--;--
01-11-2022;--;--;--;--;--;--;4.64;124.25;11.02;137.42;15.92;151.49;18.94;166.38;19.81;181.75;18.41;197.05;14.90;211.76;9.61;225.60;2.93;238.58;--;--;--;--;--;--;--;--;--;--;--;--;--;--;--;--;--;--;--;--;--;--;--;--
02-11-2022;--;--;--;--;--;--;4.36;124.41;10.73;137.56;15.61;151.59;18.63;166.43;19.49;181.75;18.10;197.00;14.60;211.67;9.32;225.47;2.66;238.43;--;--;--;--;--;--;--;--;--;--;--;--;--;--;--;--;--;--;--;--;--;--;--;--
03-11-2022;--;--;--;--;--;--;4.09;124.56;10.44;137.68;15.31;151.68;18.32;166.48;19.17;181.75;17.79;196.94;14.30;211.57;9.03;225.34;2.38;238.27;--;--;--;--;--;--;--;--;--;--;--;--;--;--;--;--;--;--;--;--;--;--;--;--
04-11-2022;--;--;--;--;--;--;3.82;124.71;10.15;137.81;15.01;151.76;18.01;166.52;18.87;181.74;17.48;196.89;14.01;211.47;8.75;225.21;2.12;238.12;--;--;--;--;--;--;--;--;--;--;--;--;--;--;--;--;--;--;--;--;--;--;--;--
05-11-2022;--;--;--;--;--;--;3.54;124.85;9.87;137.92;14.72;151.85;17.71;166.56;18.56;181.73;17.18;196.83;13.72;211.37;8.48;225.08;1.86;237.96;--;--;--;--;--;--;--;--;--;--;--;--;--;--;--;--;--;--;--;--;--;--;--;--
06-11-2022;--;--;--;--;--;--;3.28;124.99;9.59;138.04;14.43;151.92;17.41;166.59;18.26;181.71;16.89;196.77;13.44;211.27;8.21;224.94;1.60;237.80;--;--;--;--;--;--;--;--;--;--;--;--;--;--;--;--;--;--;--;--;--;--;--;--
07-11-2022;--;--;--;--;--;--;3.01;125.12;9.31;138.14;14.14;152.00;17.12;166.62;17.96;181.69;16.60;196.70;13.16;211.16;7.95;224.81;1.35;237.65;--;--;--;--;--;--;--;--;--;--;--;--;--;--;--;--;--;--;--;--;--;--;--;--
08-11-2022;--;--;--;--;--;--;2.75;125.25;9.04;138.25;13.86;152.07;16.82;166.65;17.67;181.67;16.32;196.63;12.89;211.06;7.69;224.67;1.11;237.49;--;--;--;--;--;--;--;--;--;--;--;--;--;--;--;--;--;--;--;--;--;--;--;--
09-11-2022;--;--;--;--;--;--;2.49;125.37;8.77;138.34;13.57;152.13;16.54;166.67;17.39;181.65;16.04;196.56;12.62;210.95;7.44;224.54;0.87;237.33;--;--;--;--;--;--;--;--;--;--;--;--;--;--;--;--;--;--;--;--;--;--;--;--
10-11-2022;--;--;--;--;--;--;2.23;125.49;8.50;138.43;13.30;152.19;16.25;166.69;17.10;181.62;15.76;196.49;12.36;210.84;7.19;224.40;0.63;237.17;--;--;--;--;--;--;--;--;--;--;--;--;--;--;--;--;--;--;--;--;--;--;--;--
11-11-2022;--;--;--;--;--;--;1.97;125.60;8.23;138.52;13.02;152.24;15.98;166.70;16.83;181.59;15.49;196.42;12.10;210.73;6.95;224.26;0.41;237.01;--;--;--;--;--;--;--;--;--;--;--;--;--;--;--;--;--;--;--;--;--;--;--;--
12-11-2022;--;--;--;--;--;--;1.72;125.71;7.97;138.60;12.75;152.29;15.70;166.71;16.56;181.55;15.23;196.34;11.85;210.62;6.71;224.12;0.19;236.85;--;--;--;--;--;--;--;--;--;--;--;--;--;--;--;--;--;--;--;--;--;--;--;--
13-11-2022;--;--;--;--;--;--;1.47;125.81;7.71;138.68;12.49;152.33;15.43;166.72;16.29;181.52;14.97;196.26;11.61;210.50;6.48;223.98;-0.03;236.69;--;--;--;--;--;--;--;--;--;--;--;--;--;--;--;--;--;--;--;--;--;--;--;--
14-11-2022;--;--;--;--;--;--;1.22;125.90;7.46;138.75;12.22;152.37;15.17;166.72;16.03;181.48;14.72;196.18;11.37;210.39;6.26;223.84;-0.24;236.53;--;--;--;--;--;--;--;--;--;--;--;--;--;--;--;--;--;--;--;--;--;--;--;--
15-11-2022;--;--;--;--;--;--;0.98;126.00;7.20;138.82;11.97;152.41;14.91;166.71;15.77;181.43;14.47;196.10;11.13;210.27;6.04;223.70;-0.44;236.37;--;--;--;--;--;--;--;--;--;--;--;--;--;--;--;--;--;--;--;--;--;--;--;--
16-11-2022;--;--;--;--;--;--;0.74;126.08;6.96;138.88;11.71;152.44;14.65;166.71;15.52;181.38;14.23;196.01;10.91;210.15;5.83;223.56;-0.64;236.21;--;--;--;--;--;--;--;--;--;--;--;--;--;--;--;--;--;--;--;--;--;--;--;--
17-11-2022;--;--;--;--;--;--;0.50;126.16;6.71;138.93;11.46;152.46;14.40;166.70;15.28;181.33;14.00;195.93;10.69;210.04;5.62;223.41;-0.83;236.05;--;--;--;--;--;--;--;--;--;--;--;--;--;--;--;--;--;--;--;--;--;--;--;--
18-11-2022;--;--;--;--;--;--;0.26;126.23;6.47;138.98;11.22;152.48;14.16;166.68;15.04;181.28;13.77;195.84;10.47;209.92;5.43;223.27;--;--;--;--;--;--;--;--;--;--;--;--;--;--;--;--;--;--;--;--;--;--;--;--;--;--
19-11-2022;--;--;--;--;--;--;0.03;126.30;6.24;139.03;10.98;152.50;13.92;166.66;14.80;181.22;13.55;195.74;10.26;209.80;5.23;223.13;--;--;--;--;--;--;--;--;--;--;--;--;--;--;--;--;--;--;--;--;--;--;--;--;--;--
20-11-2022;--;--;--;--;--;--;-0.19;126.37;6.00;139.07;10.75;152.51;13.69;166.64;14.58;181.16;13.33;195.65;10.06;209.67;5.05;222.98;--;--;--;--;--;--;--;--;--;--;--;--;--;--;--;--;--;--;--;--;--;--;--;--;--;--
21-11-2022;--;--;--;--;--;--;-0.42;126.42;5.78;139.11;10.52;152.52;13.46;166.61;14.35;181.10;13.12;195.56;9.87;209.55;4.87;222.84;--;--;--;--;--;--;--;--;--;--;--;--;--;--;--;--;--;--;--;--;--;--;--;--;--;--
22-11-2022;--;--;--;--;--;--;-0.64;126.48;5.55;139.14;10.29;152.52;13.24;166.58;14.14;181.04;12.92;195.46;9.68;209.43;4.70;222.69;--;--;--;--;--;--;--;--;--;--;--;--;--;--;--;--;--;--;--;--;--;--;--;--;--;--
23-11-2022;--;--;--;--;--;--;--;--;5.33;139.16;10.07;152.52;13.02;166.55;13.93;180.97;12.72;195.36;9.50;209.30;4.53;222.55;--;--;--;--;--;--;--;--;--;--;--;--;--;--;--;--;--;--;--;--;--;--;--;--;--;--
24-11-2022;--;--;--;--;--;--;--;--;5.12;139.18;9.86;152.51;12.81;166.51;13.73;180.90;12.53;195.26;9.32;209.18;4.38;222.41;--;--;--;--;--;--;--;--;--;--;--;--;--;--;--;--;--;--;--;--;--;--;--;--;--;--
25-11-2022;--;--;--;--;--;--;--;--;4.91;139.19;9.65;152.50;12.60;166.47;13.53;180.83;12.35;195.16;9.16;209.05;4.22;222.26;--;--;--;--;--;--;--;--;--;--;--;--;--;--;--;--;--;--;--;--;--;--;--;--;--;--
26-11-2022;--;--;--;--;--;--;--;--;4.71;139.20;9.44;152.48;12.40;166.42;13.34;180.75;12.17;195.05;9.00;208.92;4.08;222.12;--;--;--;--;--;--;--;--;--;--;--;--;--;--;--;--;--;--;--;--;--;--;--;--;--;--
27-11-2022;--;--;--;--;--;--;--;--;4.51;139.21;9.24;152.46;12.21;166.37;13.15;180.67;12.00;194.95;8.84;208.80;3.94;221.97;--;--;--;--;--;--;--;--;--;--;--;--;--;--;--;--;--;--;--;--;--;--;--;--;--;--
28-11-2022;--;--;--;--;--;--;--;--;4.31;139.21;9.05;152.44;12.02;166.32;12.98;180.59;11.83;194.84;8.70;208.67;3.81;221.83;--;--;--;--;--;--;--;--;--;--;--;--;--;--;--;--;--;--;--;--;--;--;--;--;--;--
29-11-2022;--;--;--;--;--;--;--;--;4.12;139.20;8.86;152.41;11.84;166.26;12.81;180.51;11.68;194.73;8.56;208.54;3.69;221.69;--;--;--;--;--;--;--;--;--;--;--;--;--;--;--;--;--;--;--;--;--;--;--;--;--;--
30-11-2022;--;--;--;--;--;--;--;--;3.94;139.19;8.68;152.37;11.66;166.20;12.64;180.42;11.53;194.62;8.42;208.41;3.57;221.54;--;--;--;--;--;--;--;--;--;--;--;--;--;--;--;--;--;--;--;--;--;--;--;--;--;--
01-12-2022;--;--;--;--;--;--;--;--;3.76;139.18;8.51;152.34;11.50;166.14;12.49;180.33;11.39;194.51;8.30;208.28;3.46;221.40;--;--;--;--;--;--;--;--;--;--;--;--;--;--;--;--;--;--;--;--;--;--;--;--;--;--
02-12-2022;--;--;--;--;--;--;--;--;3.58;139.15;8.34;152.29;11.33;166.07;12.33;180.24;11.25;194.40;8.18;208.15;3.36;221.26;--;--;--;--;--;--;--;--;--;--;--;--;--;--;--;--;--;--;--;--;--;--;--;--;--;--
03-12-2022;--;--;--;--;--;--;--;--;3.42;139.13;8.17;152.25;11.18;166.00;12.19;180.15;11.12;194.29;8.07;208.02;3.27;221.12;--;--;--;--;--;--;--;--;--;--;--;--;--;--;--;--;--;--;--;--;--;--;--;--;--;--
04-12-2022;--;--;--;--;--;--;--;--;3.25;139.10;8.01;152.20;11.03;165.93;12.06;180.05;11.00;194.17;7.96;207.90;3.18;220.98;--;--;--;--;--;--;--;--;--;--;--;--;--;--;--;--;--;--;--;--;--;--;--;--;--;--
05-12-2022;--;--;--;--;--;--;--;--;3.10;139.07;7.86;152.14;10.89;165.86;11.93;179.96;10.89;194.06;7.87;207.77;3.10;220.84;--;--;--;--;--;--;--;--;--;--;--;--;--;--;--;--;--;--;--;--;--;--;--;--;--;--
06-12-2022;--;--;--;--;--;--;--;--;2.94;139.03;7.72;152.09;10.75;165.78;11.80;179.86;10.78;193.94;7.78;207.64;3.03;220.71;--;--;--;--;--;--;--;--;--;--;--;--;--;--;--;--;--;--;--;--;--;--;--;--;--;--
07-12-2022;--;--;--;--;--;--;--;--;2.80;138.98;7.58;152.02;10.62;165.70;11.69;179.76;10.69;193.82;7.70;207.51;2.96;220.57;--;--;--;--;--;--;--;--;--;--;--;--;--;--;--;--;--;--;--;--;--;--;--;--;--;--
08-12-2022;--;--;--;--;--;--;--;--;2.66;138.93;7.45;151.96;10.50;165.61;11.58;179.65;10.59;193.71;7.62;207.38;2.91;220.44;--;--;--;--;--;--;--;--;--;--;--;--;--;--;--;--;--;--;--;--;--;--;--;--;--;--
09-12-2022;--;--;--;--;--;--;--;--;2.53;138.88;7.32;151.89;10.39;165.52;11.48;179.55;10.51;193.59;7.56;207.26;2.86;220.30;--;--;--;--;--;--;--;--;--;--;--;--;--;--;--;--;--;--;--;--;--;--;--;--;--;--
10-12-2022;--;--;--;--;--;--;--;--;2.40;138.82;7.20;151.82;10.28;165.43;11.39;179.45;10.43;193.47;7.50;207.13;2.81;220.17;--;--;--;--;--;--;--;--;--;--;--;--;--;--;--;--;--;--;--;--;--;--;--;--;--;--
11-12-2022;--;--;--;--;--;--;--;--;2.28;138.76;7.09;151.74;10.18;165.34;11.30;179.34;10.37;193.35;7.45;207.00;2.78;220.04;--;--;--;--;--;--;--;--;--;--;--;--;--;--;--;--;--;--;--;--;--;--;--;--;--;--
12-12-2022;--;--;--;--;--;--;--;--;2.17;138.70;6.99;151.66;10.09;165.25;11.23;179.23;10.30;193.24;7.40;206.88;2.75;219.91;--;--;--;--;--;--;--;--;--;--;--;--;--;--;--;--;--;--;--;--;--;--;--;--;--;--
13-12-2022;--;--;--;--;--;--;--;--;2.06;138.63;6.89;151.58;10.00;165.15;11.16;179.12;10.25;193.12;7.37;206.76;2.73;219.79;--;--;--;--;--;--;--;--;--;--;--;--;--;--;--;--;--;--;--;--;--;--;--;--;--;--
14-12-2022;--;--;--;--;--;--;--;--;1.96;138.55;6.80;151.49;9.92;165.05;11.09;179.01;10.21;193.00;7.34;206.63;2.72;219.66;--;--;--;--;--;--;--;--;--;--;--;--;--;--;--;--;--;--;--;--;--;--;--;--;--;--
15-12-2022;--;--;--;--;--;--;--;--;1.86;138.47;6.71;151.40;9.85;164.95;11.04;178.90;10.17;192.88;7.32;206.51;2.71;219.54;--;--;--;--;--;--;--;--;--;--;--;--;--;--;--;--;--;--;--;--;--;--;--;--;--;--
16-12-2022;--;--;--;--;--;--;--;--;1.77;138.39;6.63;151.31;9.79;164.85;10.99;178.79;10.14;192.76;7.30;206.39;2.71;219.42;--;--;--;--;--;--;--;--;--;--;--;--;--;--;--;--;--;--;--;--;--;--;--;--;--;--
17-12-2022;--;--;--;--;--;--;--;--;1.69;138.31;6.56;151.21;9.73;164.74;10.95;178.67;10.11;192.64;7.30;206.27;2.72;219.30;--;--;--;--;--;--;--;--;--;--;--;--;--;--;--;--;--;--;--;--;--;--;--;--;--;--
18-12-2022;--;--;--;--;--;--;--;--;1.62;138.22;6.50;151.11;9.68;164.63;10.92;178.56;10.10;192.53;7.30;206.15;2.74;219.19;--;--;--;--;--;--;--;--;--;--;--;--;--;--;--;--;--;--;--;--;--;--;--;--;--;--
19-12-2022;--;--;--;--;--;--;--;--;1.55;138.12;6.44;151.01;9.64;164.52;10.89;178.44;10.09;192.41;7.31;206.04;2.76;219.07;--;--;--;--;--;--;--;--;--;--;--;--;--;--;--;--;--;--;--;--;--;--;--;--;--;--
20-12-2022;--;--;--;--;--;--;--;--;1.49;138.03;6.40;150.91;9.61;164.41;10.87;178.33;10.09;192.29;7.32;205.92;2.79;218.96;--;--;--;--;--;--;--;--;--;--;--;--;--;--;--;--;--;--;--;--;--;--;--;--;--;--
21-12-2022;--;--;--;--;--;--;--;--;1.43;137.93;6.35;150.80;9.58;164.30;10.87;178.21;10.10;192.18;7.35;205.81;2.83;218.85;--;--;--;--;--;--;--;--;--;--;--;--;--;--;--;--;--;--;--;--;--;--;--;--;--;--
22-12-2022;--;--;--;--;--;--;--;--;1.38;137.82;6.32;150.69;9.56;164.19;10.86;178.10;10.12;192.06;7.38;205.70;2.88;218.75;--;--;--;--;--;--;--;--;--;--;--;--;--;--;--;--;--;--;--;--;--;--;--;--;--;--
23-12-2022;--;--;--;--;--;--;--;--;1.34;137.71;6.29;150.58;9.55;164.07;10.87;177.98;10.14;191.95;7.42;205.59;2.93;218.65;--;--;--;--;--;--;--;--;--;--;--;--;--;--;--;--;--;--;--;--;--;--;--;--;--;--
24-12-2022;--;--;--;--;--;--;--;--;1.31;137.60;6.27;150.46;9.55;163.95;10.88;177.86;10.17;191.84;7.47;205.49;2.99;218.55;--;--;--;--;--;--;--;--;--;--;--;--;--;--;--;--;--;--;--;--;--;--;--;--;--;--
25-12-2022;--;--;--;--;--;--;--;--;1.28;137.49;6.26;150.35;9.55;163.84;10.90;177.75;10.21;191.73;7.52;205.38;3.05;218.45;--;--;--;--;--;--;--;--;--;--;--;--;--;--;--;--;--;--;--;--;--;--;--;--;--;--
26-12-2022;--;--;--;--;--;--;--;--;1.26;137.37;6.26;150.23;9.56;163.72;10.93;177.63;10.25;191.61;7.58;205.28;3.13;218.36;--;--;--;--;--;--;--;--;--;--;--;--;--;--;--;--;--;--;--;--;--;--;--;--;--;--
27-12-2022;--;--;--;--;--;--;--;--;1.25;137.26;6.26;150.11;9.58;163.60;10.97;177.52;10.31;191.51;7.65;205.18;3.21;218.27;--;--;--;--;--;--;--;--;--;--;--;--;--;--;--;--;--;--;--;--;--;--;--;--;--;--
28-12-2022;--;--;--;--;--;--;--;--;1.25;137.13;6.27;149.99;9.61;163.48;11.01;177.40;10.37;191.40;7.73;205.08;3.30;218.19;--;--;--;--;--;--;--;--;--;--;--;--;--;--;--;--;--;--;--;--;--;--;--;--;--;--
29-12-2022;--;--;--;--;--;--;--;--;1.25;137.01;6.29;149.86;9.64;163.35;11.07;177.28;10.44;191.29;7.81;204.99;3.39;218.10;--;--;--;--;--;--;--;--;--;--;--;--;--;--;--;--;--;--;--;--;--;--;--;--;--;--
30-12-2022;--;--;--;--;--;--;--;--;1.26;136.88;6.31;149.74;9.68;163.23;11.13;177.17;10.51;191.19;7.90;204.90;3.49;218.02;--;--;--;--;--;--;--;--;--;--;--;--;--;--;--;--;--;--;--;--;--;--;--;--;--;--
31-12-2022;--;--;--;--;--;--;--;--;1.28;136.75;6.34;149.61;9.73;163.11;11.19;177.05;10.60;191.08;8.00;204.81;3.60;217.95;--;--;--;--;--;--;--;--;--;--;--;--;--;--;--;--;--;--;--;--;--;--;--;--;--;--
01-01-2023;--;--;--;--;--;--;--;--;1.31;136.59;6.39;149.45;9.81;162.96;11.29;176.91;10.71;190.96;8.13;204.70;3.74;217.86;--;--;--;--;--;--;--;--;--;--;--;--;--;--;--;--;--;--;--;--;--;--;--;--;--;--
